symbol,price,date
ETHBTC,0.075139,2022-04-05 20:16:56
LTCBTC,0.002713,2022-04-05 20:16:56
BNBBTC,0.009789,2022-04-05 20:16:56
NEOBTC,0.000571,2022-04-05 20:16:56
QTUMETH,0.002309,2022-04-05 20:16:56
EOSETH,0.000811,2022-04-05 20:16:56
SNTETH,2.102e-05,2022-04-05 20:16:56
BNTETH,0.000786,2022-04-05 20:16:56
BCCBTC,0.079081,2022-04-05 20:16:56
GASBTC,0.0001222,2022-04-05 20:16:56
BNBETH,0.1303,2022-04-05 20:16:56
BTCUSDT,45873.96,2022-04-05 20:16:56
ETHUSDT,3447.17,2022-04-05 20:16:56
HSRBTC,0.000414,2022-04-05 20:16:56
OAXETH,0.0001778,2022-04-05 20:16:56
DNTETH,2.801e-05,2022-04-05 20:16:56
MCOETH,0.005772,2022-04-05 20:16:56
ICNETH,0.001663,2022-04-05 20:16:56
MCOBTC,0.0002114,2022-04-05 20:16:56
WTCBTC,1.262e-05,2022-04-05 20:16:56
WTCETH,0.000237,2022-04-05 20:16:56
LRCBTC,2.46e-05,2022-04-05 20:16:56
LRCETH,0.00032767,2022-04-05 20:16:56
QTUMBTC,0.0001734,2022-04-05 20:16:56
YOYOBTC,8e-08,2022-04-05 20:16:56
OMGBTC,0.000121,2022-04-05 20:16:56
OMGETH,0.001612,2022-04-05 20:16:56
ZRXBTC,1.786e-05,2022-04-05 20:16:56
ZRXETH,0.0002379,2022-04-05 20:16:56
STRATBTC,3.085e-05,2022-04-05 20:16:56
STRATETH,0.001053,2022-04-05 20:16:56
SNGLSBTC,1.3e-07,2022-04-05 20:16:56
SNGLSETH,5.306e-05,2022-04-05 20:16:56
BQXBTC,8.703e-05,2022-04-05 20:16:56
BQXETH,0.0012635,2022-04-05 20:16:56
KNCBTC,6.658e-05,2022-04-05 20:16:56
KNCETH,0.0008885,2022-04-05 20:16:56
FUNBTC,2.9e-07,2022-04-05 20:16:56
FUNETH,3.46e-06,2022-04-05 20:16:56
SNMBTC,3.77e-06,2022-04-05 20:16:56
SNMETH,4.986e-05,2022-04-05 20:16:56
NEOETH,0.0076,2022-04-05 20:16:56
IOTABTC,1.811e-05,2022-04-05 20:16:56
IOTAETH,0.0002412,2022-04-05 20:16:56
LINKBTC,0.0003704,2022-04-05 20:16:56
LINKETH,0.004929,2022-04-05 20:16:56
XVGBTC,2.8e-07,2022-04-05 20:16:56
XVGETH,3.76e-06,2022-04-05 20:16:56
SALTBTC,4.25e-05,2022-04-05 20:16:56
SALTETH,0.001138,2022-04-05 20:16:56
MDABTC,1.006e-05,2022-04-05 20:16:56
MDAETH,0.0018115,2022-04-05 20:16:56
MTLBTC,4.283e-05,2022-04-05 20:16:56
MTLETH,0.0005714,2022-04-05 20:16:56
SUBBTC,4.57e-06,2022-04-05 20:16:56
SUBETH,0.00012334,2022-04-05 20:16:56
EOSBTC,6.09e-05,2022-04-05 20:16:56
SNTBTC,1.58e-06,2022-04-05 20:16:56
ETCETH,0.01316,2022-04-05 20:16:56
ETCBTC,0.000989,2022-04-05 20:16:56
MTHBTC,2.3e-07,2022-04-05 20:16:56
MTHETH,4.135e-05,2022-04-05 20:16:56
ENGBTC,6.2e-05,2022-04-05 20:16:56
ENGETH,0.0018648,2022-04-05 20:16:56
DNTBTC,2.63e-06,2022-04-05 20:16:56
ZECBTC,0.003653,2022-04-05 20:16:56
ZECETH,0.04869,2022-04-05 20:16:56
BNTBTC,5.897e-05,2022-04-05 20:16:56
ASTBTC,3.91e-06,2022-04-05 20:16:56
ASTETH,6.96e-05,2022-04-05 20:16:56
DASHBTC,0.002818,2022-04-05 20:16:56
DASHETH,0.0375,2022-04-05 20:16:56
OAXBTC,2.75e-06,2022-04-05 20:16:56
ICNBTC,5.742e-05,2022-04-05 20:16:56
BTGBTC,0.000908,2022-04-05 20:16:56
BTGETH,0.052745,2022-04-05 20:16:56
EVXBTC,2.74e-06,2022-04-05 20:16:56
EVXETH,0.0006249,2022-04-05 20:16:56
REQBTC,6.12e-06,2022-04-05 20:16:56
REQETH,4.995e-05,2022-04-05 20:16:56
VIBBTC,7.9e-07,2022-04-05 20:16:56
VIBETH,1.06e-05,2022-04-05 20:16:56
HSRETH,0.012474,2022-04-05 20:16:56
TRXBTC,1.53e-06,2022-04-05 20:16:56
TRXETH,2.03e-05,2022-04-05 20:16:56
POWRBTC,1.304e-05,2022-04-05 20:16:56
POWRETH,0.0001737,2022-04-05 20:16:56
ARKBTC,2.51e-05,2022-04-05 20:16:56
ARKETH,0.001046,2022-04-05 20:16:56
YOYOETH,5.828e-05,2022-04-05 20:16:56
XRPBTC,1.792e-05,2022-04-05 20:16:56
XRPETH,0.0002384,2022-04-05 20:16:56
MODBTC,4.28e-05,2022-04-05 20:16:56
MODETH,0.001167,2022-04-05 20:16:56
ENJBTC,3.755e-05,2022-04-05 20:16:56
ENJETH,0.0004992,2022-04-05 20:16:56
STORJBTC,2.844e-05,2022-04-05 20:16:56
STORJETH,0.0002991,2022-04-05 20:16:56
BNBUSDT,449.0,2022-04-05 20:16:56
VENBNB,0.1492,2022-04-05 20:16:56
YOYOBNB,0.000598,2022-04-05 20:16:56
POWRBNB,0.00385,2022-04-05 20:16:56
VENBTC,0.00013928,2022-04-05 20:16:56
VENETH,0.00325194,2022-04-05 20:16:56
KMDBTC,1.279e-05,2022-04-05 20:16:56
KMDETH,0.0002097,2022-04-05 20:16:56
NULSBNB,0.01257,2022-04-05 20:16:56
RCNBTC,7.4e-07,2022-04-05 20:16:56
RCNETH,0.00037604,2022-04-05 20:16:56
RCNBNB,0.003473,2022-04-05 20:16:56
NULSBTC,1.143e-05,2022-04-05 20:16:56
NULSETH,0.00051926,2022-04-05 20:16:56
RDNBTC,4.47e-06,2022-04-05 20:16:56
RDNETH,0.0007153,2022-04-05 20:16:56
RDNBNB,0.00623,2022-04-05 20:16:56
XMRBTC,0.004862,2022-04-05 20:16:56
XMRETH,0.06466,2022-04-05 20:16:56
DLTBNB,0.0024,2022-04-05 20:16:56
WTCBNB,0.001805,2022-04-05 20:16:56
DLTBTC,7.1e-07,2022-04-05 20:16:56
DLTETH,0.00016807,2022-04-05 20:16:56
AMBBTC,4.2e-07,2022-04-05 20:16:56
AMBETH,4.1e-05,2022-04-05 20:16:56
AMBBNB,0.000685,2022-04-05 20:16:56
BCCETH,2.47246,2022-04-05 20:16:56
BCCUSDT,448.7,2022-04-05 20:16:56
BCCBNB,54.29,2022-04-05 20:16:56
BATBTC,1.862e-05,2022-04-05 20:16:56
BATETH,0.0002478,2022-04-05 20:16:56
BATBNB,0.001831,2022-04-05 20:16:56
BCPTBTC,4.8e-07,2022-04-05 20:16:56
BCPTETH,8.181e-05,2022-04-05 20:16:56
BCPTBNB,0.001162,2022-04-05 20:16:56
ARNBTC,7.61e-06,2022-04-05 20:16:56
ARNETH,0.00029362,2022-04-05 20:16:56
GVTBTC,1.792e-05,2022-04-05 20:16:56
GVTETH,0.003846,2022-04-05 20:16:56
CDTBTC,3.17e-06,2022-04-05 20:16:56
CDTETH,5.119e-05,2022-04-05 20:16:56
GXSBTC,4.344e-05,2022-04-05 20:16:56
GXSETH,0.000577,2022-04-05 20:16:56
NEOUSDT,26.19,2022-04-05 20:16:56
NEOBNB,0.0584,2022-04-05 20:16:56
POEBTC,5e-08,2022-04-05 20:16:56
POEETH,6.64e-06,2022-04-05 20:16:56
QSPBTC,1.51e-06,2022-04-05 20:16:56
QSPETH,2.249e-05,2022-04-05 20:16:56
QSPBNB,0.0005235,2022-04-05 20:16:56
BTSBTC,5.9e-07,2022-04-05 20:16:56
BTSETH,9.498e-05,2022-04-05 20:16:56
BTSBNB,0.001448,2022-04-05 20:16:56
XZCBTC,0.0001355,2022-04-05 20:16:56
XZCETH,0.0031,2022-04-05 20:16:56
XZCBNB,0.2675,2022-04-05 20:16:56
LSKBTC,5.4e-05,2022-04-05 20:16:56
LSKETH,0.000717,2022-04-05 20:16:56
LSKBNB,0.06494,2022-04-05 20:16:56
TNTBTC,2.61e-06,2022-04-05 20:16:56
TNTETH,9.2e-06,2022-04-05 20:16:56
FUELBTC,2.6e-07,2022-04-05 20:16:56
FUELETH,2.221e-05,2022-04-05 20:16:56
MANABTC,5.629e-05,2022-04-05 20:16:56
MANAETH,0.0007494,2022-04-05 20:16:56
BCDBTC,1.351e-05,2022-04-05 20:16:56
BCDETH,0.00251,2022-04-05 20:16:56
DGDBTC,0.003931,2022-04-05 20:16:56
DGDETH,0.1926,2022-04-05 20:16:56
IOTABNB,0.001849,2022-04-05 20:16:56
ADXBTC,1.019e-05,2022-04-05 20:16:56
ADXETH,0.0001357,2022-04-05 20:16:56
ADXBNB,0.004929,2022-04-05 20:16:56
ADABTC,2.57e-05,2022-04-05 20:16:56
ADAETH,0.0003421,2022-04-05 20:16:56
PPTBTC,1.855e-05,2022-04-05 20:16:56
PPTETH,0.00141,2022-04-05 20:16:56
CMTBTC,2.8e-07,2022-04-05 20:16:56
CMTETH,6.25e-06,2022-04-05 20:16:56
CMTBNB,0.000577,2022-04-05 20:16:56
XLMBTC,4.96e-06,2022-04-05 20:16:56
XLMETH,6.61e-05,2022-04-05 20:16:56
XLMBNB,0.0005068,2022-04-05 20:16:56
CNDBTC,6e-08,2022-04-05 20:16:56
CNDETH,2.599e-05,2022-04-05 20:16:56
CNDBNB,0.0003399,2022-04-05 20:16:56
LENDBTC,4.512e-05,2022-04-05 20:16:56
LENDETH,0.00137174,2022-04-05 20:16:56
WABIBTC,2.74e-06,2022-04-05 20:16:56
WABIETH,0.00040308,2022-04-05 20:16:56
WABIBNB,0.0002413,2022-04-05 20:16:56
LTCETH,0.03611,2022-04-05 20:16:56
LTCUSDT,124.5,2022-04-05 20:16:56
LTCBNB,0.2771,2022-04-05 20:16:56
TNBBTC,7e-08,2022-04-05 20:16:56
TNBETH,7.52e-06,2022-04-05 20:16:56
WAVESBTC,0.0006651,2022-04-05 20:16:56
WAVESETH,0.008859,2022-04-05 20:16:56
WAVESBNB,0.06803,2022-04-05 20:16:56
GTOBTC,1.19e-06,2022-04-05 20:16:56
GTOETH,3.197e-05,2022-04-05 20:16:56
GTOBNB,0.000352,2022-04-05 20:16:56
ICXBTC,2.113e-05,2022-04-05 20:16:56
ICXETH,0.0002812,2022-04-05 20:16:56
ICXBNB,0.004654,2022-04-05 20:16:56
OSTBTC,3.2e-07,2022-04-05 20:16:56
OSTETH,2.25e-06,2022-04-05 20:16:56
OSTBNB,0.000525,2022-04-05 20:16:56
ELFBTC,8.54e-06,2022-04-05 20:16:56
ELFETH,0.0001147,2022-04-05 20:16:56
AIONBTC,2.44e-06,2022-04-05 20:16:56
AIONETH,3.255e-05,2022-04-05 20:16:56
AIONBNB,0.002613,2022-04-05 20:16:56
NEBLBTC,1.342e-05,2022-04-05 20:16:56
NEBLBNB,0.01356,2022-04-05 20:16:56
BRDBTC,6.07e-06,2022-04-05 20:16:56
BRDETH,8.093e-05,2022-04-05 20:16:56
BRDBNB,0.00247,2022-04-05 20:16:56
MCOBNB,0.26837,2022-04-05 20:16:56
EDOBTC,5.609e-05,2022-04-05 20:16:56
EDOETH,0.002266,2022-04-05 20:16:56
WINGSBTC,1.193e-05,2022-04-05 20:16:56
WINGSETH,0.0003346,2022-04-05 20:16:56
NAVBTC,4.32e-06,2022-04-05 20:16:56
NAVETH,0.0001187,2022-04-05 20:16:56
NAVBNB,0.004237,2022-04-05 20:16:56
LUNBTC,8.51e-05,2022-04-05 20:16:56
LUNETH,0.004891,2022-04-05 20:16:56
TRIGBTC,1.98e-05,2022-04-05 20:16:56
TRIGETH,0.000594,2022-04-05 20:16:56
TRIGBNB,0.01218,2022-04-05 20:16:56
APPCBTC,5.5e-07,2022-04-05 20:16:56
APPCETH,0.000146,2022-04-05 20:16:56
APPCBNB,0.001891,2022-04-05 20:16:56
VIBEBTC,4.2e-07,2022-04-05 20:16:56
VIBEETH,5.72e-05,2022-04-05 20:16:56
RLCBTC,5.197e-05,2022-04-05 20:16:56
RLCETH,0.000692,2022-04-05 20:16:56
RLCBNB,0.03344,2022-04-05 20:16:56
INSBTC,6.18e-06,2022-04-05 20:16:56
INSETH,0.000501,2022-04-05 20:16:56
PIVXBTC,6.78e-06,2022-04-05 20:16:56
PIVXBNB,0.0166,2022-04-05 20:16:56
IOSTBTC,7.7e-07,2022-04-05 20:16:56
IOSTETH,1.029e-05,2022-04-05 20:16:56
CHATBTC,1.95e-06,2022-04-05 20:16:56
CHATETH,6.585e-05,2022-04-05 20:16:56
STEEMBTC,8.55e-06,2022-04-05 20:16:56
STEEMETH,0.0001138,2022-04-05 20:16:56
STEEMBNB,0.00448,2022-04-05 20:16:56
NANOBTC,6.28e-05,2022-04-05 20:16:56
NANOETH,0.000905,2022-04-05 20:16:56
NANOBNB,0.05589,2022-04-05 20:16:56
VIABTC,6.81e-06,2022-04-05 20:16:56
VIAETH,0.000856,2022-04-05 20:16:56
VIABNB,0.00958,2022-04-05 20:16:56
BLZBTC,4.45e-06,2022-04-05 20:16:56
BLZETH,5.929e-05,2022-04-05 20:16:56
BLZBNB,0.0006219,2022-04-05 20:16:56
AEBTC,2.92e-06,2022-04-05 20:16:56
AEETH,0.000219,2022-04-05 20:16:56
AEBNB,0.00777,2022-04-05 20:16:56
RPXBTC,2.24e-06,2022-04-05 20:16:56
RPXETH,5.449e-05,2022-04-05 20:16:56
RPXBNB,0.001457,2022-04-05 20:16:56
NCASHBTC,5e-08,2022-04-05 20:16:56
NCASHETH,1.3e-07,2022-04-05 20:16:56
NCASHBNB,6.79e-05,2022-04-05 20:16:56
POABTC,4.1e-07,2022-04-05 20:16:56
POAETH,4.891e-05,2022-04-05 20:16:56
POABNB,0.000921,2022-04-05 20:16:56
ZILBTC,2.75e-06,2022-04-05 20:16:56
ZILETH,3.664e-05,2022-04-05 20:16:56
ZILBNB,0.0002813,2022-04-05 20:16:56
ONTBTC,1.352e-05,2022-04-05 20:16:56
ONTETH,0.0001802,2022-04-05 20:16:56
ONTBNB,0.002462,2022-04-05 20:16:56
STORMBTC,3.5e-07,2022-04-05 20:16:56
STORMETH,1.398e-05,2022-04-05 20:16:56
STORMBNB,6.55e-05,2022-04-05 20:16:56
QTUMBNB,0.09597,2022-04-05 20:16:56
QTUMUSDT,7.944,2022-04-05 20:16:56
XEMBTC,2.54e-06,2022-04-05 20:16:56
XEMETH,3.593e-05,2022-04-05 20:16:56
XEMBNB,0.002441,2022-04-05 20:16:56
WANBTC,1.253e-05,2022-04-05 20:16:56
WANETH,0.000167,2022-04-05 20:16:56
WANBNB,0.00181,2022-04-05 20:16:56
WPRBTC,2.7e-07,2022-04-05 20:16:56
WPRETH,4.02e-05,2022-04-05 20:16:56
QLCBTC,4.3e-07,2022-04-05 20:16:56
QLCETH,6.03e-06,2022-04-05 20:16:56
SYSBTC,1.444e-05,2022-04-05 20:16:56
SYSETH,0.00011047,2022-04-05 20:16:56
SYSBNB,0.001635,2022-04-05 20:16:56
QLCBNB,0.000922,2022-04-05 20:16:56
GRSBTC,1.626e-05,2022-04-05 20:16:56
GRSETH,0.00076455,2022-04-05 20:16:56
ADAUSDT,1.179,2022-04-05 20:16:56
ADABNB,0.002627,2022-04-05 20:16:56
CLOAKBTC,0.0001555,2022-04-05 20:16:56
CLOAKETH,0.004142,2022-04-05 20:16:56
GNTBTC,6.78e-06,2022-04-05 20:16:56
GNTETH,0.00022071,2022-04-05 20:16:56
GNTBNB,0.002439,2022-04-05 20:16:56
LOOMBTC,2.14e-06,2022-04-05 20:16:56
LOOMETH,2.843e-05,2022-04-05 20:16:56
LOOMBNB,0.000885,2022-04-05 20:16:56
XRPUSDT,0.8219,2022-04-05 20:16:56
BCNBTC,2.2e-07,2022-04-05 20:16:56
BCNETH,7.07e-06,2022-04-05 20:16:56
BCNBNB,2e-05,2022-04-05 20:16:56
REPBTC,0.000347,2022-04-05 20:16:56
REPBNB,0.4467,2022-04-05 20:16:56
BTCTUSD,45878.73,2022-04-05 20:16:56
TUSDBTC,0.00025971,2022-04-05 20:16:56
ETHTUSD,3446.01,2022-04-05 20:16:56
TUSDETH,0.00762097,2022-04-05 20:16:56
TUSDBNB,0.06777,2022-04-05 20:16:56
ZENBTC,0.00102,2022-04-05 20:16:56
ZENETH,0.01358,2022-04-05 20:16:56
ZENBNB,0.1042,2022-04-05 20:16:56
SKYBTC,8.29e-06,2022-04-05 20:16:56
SKYETH,0.00222,2022-04-05 20:16:56
SKYBNB,0.03022,2022-04-05 20:16:56
EOSUSDT,2.793,2022-04-05 20:16:56
EOSBNB,0.00623,2022-04-05 20:16:56
CVCBTC,7.61e-06,2022-04-05 20:16:56
CVCETH,9.93e-05,2022-04-05 20:16:56
CVCBNB,0.002112,2022-04-05 20:16:56
THETABTC,8.25e-05,2022-04-05 20:16:56
THETAETH,0.001098,2022-04-05 20:16:56
THETABNB,0.00842,2022-04-05 20:16:56
XRPBNB,0.001831,2022-04-05 20:16:56
TUSDUSDT,0.9999,2022-04-05 20:16:56
IOTAUSDT,0.8308,2022-04-05 20:16:56
XLMUSDT,0.2277,2022-04-05 20:16:56
IOTXBTC,2.08e-06,2022-04-05 20:16:56
IOTXETH,2.765e-05,2022-04-05 20:16:56
QKCBTC,5.3e-07,2022-04-05 20:16:56
QKCETH,6.98e-06,2022-04-05 20:16:56
AGIBTC,6.68e-06,2022-04-05 20:16:56
AGIETH,7.363e-05,2022-04-05 20:16:56
AGIBNB,0.000772,2022-04-05 20:16:56
NXSBTC,7.22e-06,2022-04-05 20:16:56
NXSETH,0.000773,2022-04-05 20:16:56
NXSBNB,0.01087,2022-04-05 20:16:56
ENJBNB,0.003834,2022-04-05 20:16:56
DATABTC,1.93e-06,2022-04-05 20:16:56
DATAETH,2.554e-05,2022-04-05 20:16:56
ONTUSDT,0.6203,2022-04-05 20:16:56
TRXBNB,0.0001558,2022-04-05 20:16:56
TRXUSDT,0.06995,2022-04-05 20:16:56
ETCUSDT,45.35,2022-04-05 20:16:56
ETCBNB,0.1011,2022-04-05 20:16:56
ICXUSDT,0.97,2022-04-05 20:16:56
SCBTC,2.7e-07,2022-04-05 20:16:56
SCETH,3.68e-06,2022-04-05 20:16:56
NPXSBTC,3e-08,2022-04-05 20:16:56
NPXSETH,3.45e-06,2022-04-05 20:16:56
VENUSDT,0.0001,2022-04-05 20:16:56
KEYBTC,1.3e-07,2022-04-05 20:16:56
KEYETH,2.85e-06,2022-04-05 20:16:56
NASBTC,5.9e-06,2022-04-05 20:16:56
NASETH,7.76e-05,2022-04-05 20:16:56
NASBNB,0.02337,2022-04-05 20:16:56
MFTBTC,8e-08,2022-04-05 20:16:56
MFTETH,3.04e-06,2022-04-05 20:16:56
MFTBNB,1.485e-05,2022-04-05 20:16:56
DENTBTC,4e-08,2022-04-05 20:16:56
DENTETH,9.7e-07,2022-04-05 20:16:56
ARDRBTC,5.39e-06,2022-04-05 20:16:56
ARDRETH,0.0001887,2022-04-05 20:16:56
ARDRBNB,0.003168,2022-04-05 20:16:56
NULSUSDT,0.5244,2022-04-05 20:16:56
HOTBTC,2e-08,2022-04-05 20:16:56
HOTETH,1.88e-06,2022-04-05 20:16:56
VETBTC,1.69e-06,2022-04-05 20:16:56
VETETH,2.252e-05,2022-04-05 20:16:56
VETUSDT,0.0776,2022-04-05 20:16:56
VETBNB,0.0001729,2022-04-05 20:16:56
DOCKBTC,1e-06,2022-04-05 20:16:56
DOCKETH,3.283e-05,2022-04-05 20:16:56
POLYBTC,1.065e-05,2022-04-05 20:16:56
POLYBNB,0.001459,2022-04-05 20:16:56
PHXBTC,1.8e-06,2022-04-05 20:16:56
PHXETH,5.617e-05,2022-04-05 20:16:56
PHXBNB,0.000456,2022-04-05 20:16:56
HCBTC,2e-05,2022-04-05 20:16:56
HCETH,0.005134,2022-04-05 20:16:56
GOBTC,6.1e-07,2022-04-05 20:16:56
GOBNB,0.0006923,2022-04-05 20:16:56
PAXBTC,0.00025175,2022-04-05 20:16:56
PAXBNB,0.20121,2022-04-05 20:16:56
PAXUSDT,0.9996,2022-04-05 20:16:56
PAXETH,0.00888047,2022-04-05 20:16:56
RVNBTC,1.51e-06,2022-04-05 20:16:56
DCRBTC,0.001373,2022-04-05 20:16:56
DCRBNB,0.781,2022-04-05 20:16:56
USDCBNB,0.21755,2022-04-05 20:16:56
MITHBTC,1.02e-06,2022-04-05 20:16:56
MITHBNB,0.0001035,2022-04-05 20:16:56
BCHABCBTC,0.02933,2022-04-05 20:16:56
BCHSVBTC,0.011179,2022-04-05 20:16:56
BCHABCUSDT,220.08,2022-04-05 20:16:56
BCHSVUSDT,58.9,2022-04-05 20:16:56
BNBPAX,495.1,2022-04-05 20:16:56
BTCPAX,51529.15,2022-04-05 20:16:56
ETHPAX,3904.41,2022-04-05 20:16:56
XRPPAX,0.8896,2022-04-05 20:16:56
EOSPAX,2.5845,2022-04-05 20:16:56
XLMPAX,0.04221,2022-04-05 20:16:56
RENBTC,1.04e-05,2022-04-05 20:16:56
RENBNB,0.004585,2022-04-05 20:16:56
BNBTUSD,449.1,2022-04-05 20:16:56
XRPTUSD,0.8238,2022-04-05 20:16:56
EOSTUSD,4.1159,2022-04-05 20:16:56
XLMTUSD,0.06833,2022-04-05 20:16:56
BNBUSDC,448.9,2022-04-05 20:16:56
BTCUSDC,45879.06,2022-04-05 20:16:56
ETHUSDC,3447.13,2022-04-05 20:16:56
XRPUSDC,0.8216,2022-04-05 20:16:56
EOSUSDC,2.784,2022-04-05 20:16:56
XLMUSDC,0.0497,2022-04-05 20:16:56
USDCUSDT,0.9999,2022-04-05 20:16:56
ADATUSD,1.174,2022-04-05 20:16:56
TRXTUSD,0.06996,2022-04-05 20:16:56
NEOTUSD,11.818,2022-04-05 20:16:56
TRXXRP,0.08519,2022-04-05 20:16:56
XZCXRP,20.792,2022-04-05 20:16:56
PAXTUSD,0.9995,2022-04-05 20:16:56
USDCTUSD,1.0,2022-04-05 20:16:56
USDCPAX,1.0002,2022-04-05 20:16:56
LINKUSDT,16.99,2022-04-05 20:16:56
LINKTUSD,28.87,2022-04-05 20:16:56
LINKPAX,3.9834,2022-04-05 20:16:56
LINKUSDC,17.01,2022-04-05 20:16:56
WAVESUSDT,30.54,2022-04-05 20:16:56
WAVESTUSD,1.072,2022-04-05 20:16:56
WAVESPAX,0.8029,2022-04-05 20:16:56
WAVESUSDC,1.2036,2022-04-05 20:16:56
BCHABCTUSD,220.2,2022-04-05 20:16:56
BCHABCPAX,221.2,2022-04-05 20:16:56
BCHABCUSDC,220.3,2022-04-05 20:16:56
BCHSVTUSD,59.17,2022-04-05 20:16:56
BCHSVPAX,58.18,2022-04-05 20:16:56
BCHSVUSDC,57.5,2022-04-05 20:16:56
LTCTUSD,150.1,2022-04-05 20:16:56
LTCPAX,171.13,2022-04-05 20:16:56
LTCUSDC,124.5,2022-04-05 20:16:56
TRXPAX,0.07661,2022-04-05 20:16:56
TRXUSDC,0.06997,2022-04-05 20:16:56
BTTBTC,5e-08,2022-04-05 20:16:56
BTTBNB,5.73e-06,2022-04-05 20:16:56
BTTUSDT,0.002777,2022-04-05 20:16:56
BNBUSDS,22.2788,2022-04-05 20:16:56
BTCUSDS,9604.59,2022-04-05 20:16:56
USDSUSDT,0.9968,2022-04-05 20:16:56
USDSPAX,1.0002,2022-04-05 20:16:56
USDSTUSD,1.0,2022-04-05 20:16:56
USDSUSDC,1.0,2022-04-05 20:16:56
BTTPAX,0.0003866,2022-04-05 20:16:56
BTTTUSD,0.00277,2022-04-05 20:16:56
BTTUSDC,0.002776,2022-04-05 20:16:56
ONGBNB,0.00545,2022-04-05 20:16:56
ONGBTC,1.796e-05,2022-04-05 20:16:56
ONGUSDT,0.8245,2022-04-05 20:16:56
HOTBNB,1.44e-05,2022-04-05 20:16:56
HOTUSDT,0.006486,2022-04-05 20:16:56
ZILUSDT,0.12623,2022-04-05 20:16:56
ZRXBNB,0.01045,2022-04-05 20:16:56
ZRXUSDT,0.8188,2022-04-05 20:16:56
FETBNB,0.001168,2022-04-05 20:16:56
FETBTC,1.136e-05,2022-04-05 20:16:56
FETUSDT,0.5208,2022-04-05 20:16:56
BATUSDT,0.8555,2022-04-05 20:16:56
XMRBNB,0.497,2022-04-05 20:16:56
XMRUSDT,223.1,2022-04-05 20:16:56
ZECBNB,0.3728,2022-04-05 20:16:56
ZECUSDT,167.4,2022-04-05 20:16:56
ZECPAX,42.1,2022-04-05 20:16:56
ZECTUSD,51.48,2022-04-05 20:16:56
ZECUSDC,167.1,2022-04-05 20:16:56
IOSTUSDT,0.03543,2022-04-05 20:16:56
CELRBNB,0.00014148,2022-04-05 20:16:56
CELRBTC,1.38e-06,2022-04-05 20:16:56
CELRUSDT,0.06357,2022-04-05 20:16:56
ADAPAX,0.03257,2022-04-05 20:16:56
ADAUSDC,1.179,2022-04-05 20:16:56
NEOPAX,11.122,2022-04-05 20:16:56
NEOUSDC,28.27,2022-04-05 20:16:56
DASHBNB,0.2878,2022-04-05 20:16:56
DASHUSDT,129.2,2022-04-05 20:16:56
NANOUSDT,2.224,2022-04-05 20:16:56
OMGBNB,0.03938,2022-04-05 20:16:56
OMGUSDT,5.55,2022-04-05 20:16:56
THETAUSDT,3.784,2022-04-05 20:16:56
ENJUSDT,1.721,2022-04-05 20:16:56
MITHUSDT,0.0464,2022-04-05 20:16:56
MATICBNB,0.003579,2022-04-05 20:16:56
MATICBTC,3.503e-05,2022-04-05 20:16:56
MATICUSDT,1.606,2022-04-05 20:16:56
ATOMBNB,0.06607,2022-04-05 20:16:56
ATOMBTC,0.0006463,2022-04-05 20:16:56
ATOMUSDT,29.65,2022-04-05 20:16:56
ATOMUSDC,29.6,2022-04-05 20:16:56
ATOMPAX,3.178,2022-04-05 20:16:56
ATOMTUSD,2.598,2022-04-05 20:16:56
ETCUSDC,4.71,2022-04-05 20:16:56
ETCPAX,4.838,2022-04-05 20:16:56
ETCTUSD,3.795,2022-04-05 20:16:56
BATUSDC,0.6313,2022-04-05 20:16:56
BATPAX,0.2556,2022-04-05 20:16:56
BATTUSD,0.2222,2022-04-05 20:16:56
PHBBNB,0.000137,2022-04-05 20:16:56
PHBBTC,5.51e-06,2022-04-05 20:16:56
PHBUSDC,0.00587,2022-04-05 20:16:56
PHBTUSD,0.229,2022-04-05 20:16:56
PHBPAX,0.00639,2022-04-05 20:16:56
TFUELBNB,0.0001259,2022-04-05 20:16:56
TFUELBTC,4.31e-06,2022-04-05 20:16:56
TFUELUSDT,0.1975,2022-04-05 20:16:56
TFUELUSDC,0.003565,2022-04-05 20:16:56
TFUELTUSD,0.003077,2022-04-05 20:16:56
TFUELPAX,0.003487,2022-04-05 20:16:56
ONEBNB,0.0003484,2022-04-05 20:16:56
ONEBTC,3.41e-06,2022-04-05 20:16:56
ONEUSDT,0.15645,2022-04-05 20:16:56
ONETUSD,0.00472,2022-04-05 20:16:56
ONEPAX,0.00496,2022-04-05 20:16:56
ONEUSDC,0.0052,2022-04-05 20:16:56
FTMBNB,0.0032837,2022-04-05 20:16:56
FTMBTC,3.213e-05,2022-04-05 20:16:56
FTMUSDT,1.4736,2022-04-05 20:16:56
FTMTUSD,0.01095,2022-04-05 20:16:56
FTMPAX,0.01028,2022-04-05 20:16:56
FTMUSDC,0.01107,2022-04-05 20:16:56
BTCBBTC,1.0,2022-04-05 20:16:56
BCPTTUSD,0.02606,2022-04-05 20:16:56
BCPTPAX,0.02761,2022-04-05 20:16:56
BCPTUSDC,0.02728,2022-04-05 20:16:56
ALGOBNB,0.001886,2022-04-05 20:16:56
ALGOBTC,1.846e-05,2022-04-05 20:16:56
ALGOUSDT,0.8472,2022-04-05 20:16:56
ALGOTUSD,1.017,2022-04-05 20:16:56
ALGOPAX,0.2039,2022-04-05 20:16:56
ALGOUSDC,0.238,2022-04-05 20:16:56
USDSBUSDT,0.9997,2022-04-05 20:16:56
USDSBUSDS,0.9999,2022-04-05 20:16:56
GTOUSDT,0.05458,2022-04-05 20:16:56
GTOPAX,0.01361,2022-04-05 20:16:56
GTOTUSD,0.01236,2022-04-05 20:16:56
GTOUSDC,0.01196,2022-04-05 20:16:56
ERDBNB,0.00083273,2022-04-05 20:16:56
ERDBTC,1.68e-06,2022-04-05 20:16:56
ERDUSDT,0.01971,2022-04-05 20:16:56
ERDPAX,0.0012527,2022-04-05 20:16:56
ERDUSDC,0.0013573,2022-04-05 20:16:56
DOGEBNB,0.0001527,2022-04-05 20:16:56
DOGEBTC,3.72e-06,2022-04-05 20:16:56
DOGEUSDT,0.171,2022-04-05 20:16:56
DOGEPAX,0.0021682,2022-04-05 20:16:56
DOGEUSDC,0.0021277,2022-04-05 20:16:56
DUSKBNB,0.00118,2022-04-05 20:16:56
DUSKBTC,9.67e-06,2022-04-05 20:16:56
DUSKUSDT,0.4436,2022-04-05 20:16:56
DUSKUSDC,0.0179,2022-04-05 20:16:56
DUSKPAX,0.0189,2022-04-05 20:16:56
BGBPUSDC,1.39,2022-04-05 20:16:56
ANKRBNB,0.0002047,2022-04-05 20:16:56
ANKRBTC,2e-06,2022-04-05 20:16:56
ANKRUSDT,0.09192,2022-04-05 20:16:56
ANKRTUSD,0.002128,2022-04-05 20:16:56
ANKRPAX,0.002093,2022-04-05 20:16:56
ANKRUSDC,0.002097,2022-04-05 20:16:56
ONTPAX,0.8451,2022-04-05 20:16:56
ONTUSDC,0.5708,2022-04-05 20:16:56
WINBNB,7.8e-07,2022-04-05 20:16:56
WINBTC,1e-08,2022-04-05 20:16:56
WINUSDT,0.0003512,2022-04-05 20:16:56
WINUSDC,0.0003512,2022-04-05 20:16:56
COSBNB,4.186e-05,2022-04-05 20:16:56
COSBTC,4.1e-07,2022-04-05 20:16:56
COSUSDT,0.01879,2022-04-05 20:16:56
TUSDBTUSD,0.9975,2022-04-05 20:16:56
NPXSUSDT,0.0070301,2022-04-05 20:16:56
NPXSUSDC,0.0001702,2022-04-05 20:16:56
COCOSBNB,0.003478,2022-04-05 20:16:56
COCOSBTC,3e-08,2022-04-05 20:16:56
COCOSUSDT,1.563,2022-04-05 20:16:56
MTLUSDT,1.963,2022-04-05 20:16:56
TOMOBNB,0.03255,2022-04-05 20:16:56
TOMOBTC,3.411e-05,2022-04-05 20:16:56
TOMOUSDT,1.565,2022-04-05 20:16:56
TOMOUSDC,0.367,2022-04-05 20:16:56
PERLBNB,0.0001305,2022-04-05 20:16:56
PERLBTC,1.28e-06,2022-04-05 20:16:56
PERLUSDC,0.02447,2022-04-05 20:16:56
PERLUSDT,0.05854,2022-04-05 20:16:56
DENTUSDT,0.003347,2022-04-05 20:16:56
MFTUSDT,0.010479,2022-04-05 20:16:56
KEYUSDT,0.009821,2022-04-05 20:16:56
STORMUSDT,0.003397,2022-04-05 20:16:56
DOCKUSDT,0.04611,2022-04-05 20:16:56
WANUSDT,0.5749,2022-04-05 20:16:56
FUNUSDT,0.01191,2022-04-05 20:16:56
CVCUSDT,0.3492,2022-04-05 20:16:56
BTTTRX,0.03945,2022-04-05 20:16:56
WINTRX,0.005025,2022-04-05 20:16:56
CHZBNB,0.0005873,2022-04-05 20:16:56
CHZBTC,5.75e-06,2022-04-05 20:16:56
CHZUSDT,0.2637,2022-04-05 20:16:56
BANDBNB,0.02248,2022-04-05 20:16:56
BANDBTC,0.0001123,2022-04-05 20:16:56
BANDUSDT,5.146,2022-04-05 20:16:56
BNBBUSD,449.0,2022-04-05 20:16:56
BTCBUSD,45882.34,2022-04-05 20:16:56
BUSDUSDT,0.9998,2022-04-05 20:16:56
BEAMBNB,0.02177,2022-04-05 20:16:56
BEAMBTC,9.52e-06,2022-04-05 20:16:56
BEAMUSDT,0.4367,2022-04-05 20:16:56
XTZBNB,0.008254,2022-04-05 20:16:56
XTZBTC,8.068e-05,2022-04-05 20:16:56
XTZUSDT,3.702,2022-04-05 20:16:56
RENUSDT,0.4761,2022-04-05 20:16:56
RVNUSDT,0.06889,2022-04-05 20:16:56
HCUSDT,0.8423,2022-04-05 20:16:56
HBARBNB,0.0005124,2022-04-05 20:16:56
HBARBTC,5.01e-06,2022-04-05 20:16:56
HBARUSDT,0.2302,2022-04-05 20:16:56
NKNBNB,0.000747,2022-04-05 20:16:56
NKNBTC,6.24e-06,2022-04-05 20:16:56
NKNUSDT,0.2859,2022-04-05 20:16:56
XRPBUSD,0.8221,2022-04-05 20:16:56
ETHBUSD,3447.13,2022-04-05 20:16:56
BCHABCBUSD,220.16,2022-04-05 20:16:56
LTCBUSD,124.5,2022-04-05 20:16:56
LINKBUSD,17.0,2022-04-05 20:16:56
ETCBUSD,45.36,2022-04-05 20:16:56
STXBNB,0.003163,2022-04-05 20:16:56
STXBTC,3.085e-05,2022-04-05 20:16:56
STXUSDT,1.416,2022-04-05 20:16:56
KAVABNB,0.00966,2022-04-05 20:16:56
KAVABTC,9.47e-05,2022-04-05 20:16:56
KAVAUSDT,4.342,2022-04-05 20:16:56
BUSDNGN,462.64,2022-04-05 20:16:56
BNBNGN,43608.0,2022-04-05 20:16:56
BTCNGN,25941597.0,2022-04-05 20:16:56
ARPABNB,0.0002012,2022-04-05 20:16:56
ARPABTC,1.97e-06,2022-04-05 20:16:56
ARPAUSDT,0.09048,2022-04-05 20:16:56
TRXBUSD,0.06997,2022-04-05 20:16:56
EOSBUSD,2.783,2022-04-05 20:16:56
IOTXUSDT,0.09535,2022-04-05 20:16:56
RLCUSDT,2.382,2022-04-05 20:16:56
MCOUSDT,2.744,2022-04-05 20:16:56
XLMBUSD,0.2278,2022-04-05 20:16:56
ADABUSD,1.179,2022-04-05 20:16:56
CTXCBNB,0.004122,2022-04-05 20:16:56
CTXCBTC,7.07e-06,2022-04-05 20:16:56
CTXCUSDT,0.3237,2022-04-05 20:16:56
BCHBNB,0.822,2022-04-05 20:16:56
BCHBTC,0.00805,2022-04-05 20:16:56
BCHUSDT,369.0,2022-04-05 20:16:56
BCHUSDC,368.8,2022-04-05 20:16:56
BCHTUSD,630.0,2022-04-05 20:16:56
BCHPAX,617.72,2022-04-05 20:16:56
BCHBUSD,369.1,2022-04-05 20:16:56
BTCRUB,3976881.0,2022-04-05 20:16:56
ETHRUB,298601.4,2022-04-05 20:16:56
XRPRUB,71.12,2022-04-05 20:16:56
BNBRUB,38889.45,2022-04-05 20:16:56
TROYBNB,2.577e-05,2022-04-05 20:16:56
TROYBTC,1.8e-07,2022-04-05 20:16:56
TROYUSDT,0.011563,2022-04-05 20:16:56
BUSDRUB,86.66,2022-04-05 20:16:56
QTUMBUSD,7.945,2022-04-05 20:16:56
VETBUSD,0.07765,2022-04-05 20:16:56
VITEBNB,0.000707,2022-04-05 20:16:56
VITEBTC,1.36e-06,2022-04-05 20:16:56
VITEUSDT,0.06218,2022-04-05 20:16:56
FTTBNB,0.1092,2022-04-05 20:16:56
FTTBTC,0.0010667,2022-04-05 20:16:56
FTTUSDT,48.97,2022-04-05 20:16:56
BTCTRY,678221.0,2022-04-05 20:16:56
BNBTRY,6640.0,2022-04-05 20:16:56
BUSDTRY,14.784,2022-04-05 20:16:56
ETHTRY,50958.0,2022-04-05 20:16:56
XRPTRY,12.147,2022-04-05 20:16:56
USDTTRY,14.785,2022-04-05 20:16:56
USDTRUB,86.62,2022-04-05 20:16:56
BTCEUR,42095.83,2022-04-05 20:16:56
ETHEUR,3163.17,2022-04-05 20:16:56
BNBEUR,412.1,2022-04-05 20:16:56
XRPEUR,0.7535,2022-04-05 20:16:56
EURBUSD,1.09,2022-04-05 20:16:56
EURUSDT,1.089,2022-04-05 20:16:56
OGNBNB,0.001224,2022-04-05 20:16:56
OGNBTC,1.202e-05,2022-04-05 20:16:56
OGNUSDT,0.5513,2022-04-05 20:16:56
DREPBNB,9.38e-05,2022-04-05 20:16:56
DREPBTC,1.857e-05,2022-04-05 20:16:56
DREPUSDT,0.8506,2022-04-05 20:16:56
BULLUSDT,1370.28,2022-04-05 20:16:56
BULLBUSD,1368.56,2022-04-05 20:16:56
BEARUSDT,11.16,2022-04-05 20:16:56
BEARBUSD,11.14,2022-04-05 20:16:56
ETHBULLUSDT,79.18,2022-04-05 20:16:56
ETHBULLBUSD,78.46,2022-04-05 20:16:56
ETHBEARUSDT,12.2,2022-04-05 20:16:56
ETHBEARBUSD,12.24,2022-04-05 20:16:56
TCTBNB,0.0004186,2022-04-05 20:16:56
TCTBTC,5.4e-07,2022-04-05 20:16:56
TCTUSDT,0.02458,2022-04-05 20:16:56
WRXBNB,0.001637,2022-04-05 20:16:56
WRXBTC,1.602e-05,2022-04-05 20:16:56
WRXUSDT,0.735,2022-04-05 20:16:56
ICXBUSD,0.97,2022-04-05 20:16:56
BTSUSDT,0.02701,2022-04-05 20:16:56
BTSBUSD,0.0193,2022-04-05 20:16:56
LSKUSDT,2.48,2022-04-05 20:16:56
BNTUSDT,2.708,2022-04-05 20:16:56
BNTBUSD,2.704,2022-04-05 20:16:56
LTOBNB,0.00248,2022-04-05 20:16:56
LTOBTC,6.09e-06,2022-04-05 20:16:56
LTOUSDT,0.2796,2022-04-05 20:16:56
ATOMBUSD,29.65,2022-04-05 20:16:56
DASHBUSD,129.2,2022-04-05 20:16:56
NEOBUSD,26.16,2022-04-05 20:16:56
WAVESBUSD,30.53,2022-04-05 20:16:56
XTZBUSD,3.702,2022-04-05 20:16:56
EOSBULLUSDT,3.85,2022-04-05 20:16:56
EOSBULLBUSD,3.9,2022-04-05 20:16:56
EOSBEARUSDT,30.21,2022-04-05 20:16:56
EOSBEARBUSD,29.81,2022-04-05 20:16:56
XRPBULLUSDT,8.74,2022-04-05 20:16:56
XRPBULLBUSD,8.78,2022-04-05 20:16:56
XRPBEARUSDT,548.55,2022-04-05 20:16:56
XRPBEARBUSD,547.33,2022-04-05 20:16:56
BATBUSD,0.853,2022-04-05 20:16:56
ENJBUSD,1.722,2022-04-05 20:16:56
NANOBUSD,2.225,2022-04-05 20:16:56
ONTBUSD,0.6202,2022-04-05 20:16:56
RVNBUSD,0.06884,2022-04-05 20:16:56
STRATBUSD,0.4915,2022-04-05 20:16:56
STRATBNB,0.019,2022-04-05 20:16:56
STRATUSDT,0.4904,2022-04-05 20:16:56
AIONBUSD,0.0721,2022-04-05 20:16:56
AIONUSDT,0.1123,2022-04-05 20:16:56
MBLBNB,2.6e-05,2022-04-05 20:16:56
MBLBTC,5e-08,2022-04-05 20:16:56
MBLUSDT,0.011724,2022-04-05 20:16:56
COTIBNB,0.000706,2022-04-05 20:16:56
COTIBTC,6.89e-06,2022-04-05 20:16:56
COTIUSDT,0.3162,2022-04-05 20:16:56
ALGOBUSD,0.8472,2022-04-05 20:16:56
BTTBUSD,0.002778,2022-04-05 20:16:56
TOMOBUSD,1.566,2022-04-05 20:16:56
XMRBUSD,223.2,2022-04-05 20:16:56
ZECBUSD,167.4,2022-04-05 20:16:56
BNBBULLUSDT,57.21,2022-04-05 20:16:56
BNBBULLBUSD,58.37,2022-04-05 20:16:56
BNBBEARUSDT,58.61,2022-04-05 20:16:56
BNBBEARBUSD,57.21,2022-04-05 20:16:56
STPTBNB,0.00067,2022-04-05 20:16:56
STPTBTC,2.27e-06,2022-04-05 20:16:56
STPTUSDT,0.10417,2022-04-05 20:16:56
BTCZAR,857014.0,2022-04-05 20:16:56
ETHZAR,27850.4,2022-04-05 20:16:56
BNBZAR,5000.0,2022-04-05 20:16:56
USDTZAR,14.023,2022-04-05 20:16:56
BUSDZAR,13.888,2022-04-05 20:16:56
BTCBKRW,42029197.0,2022-04-05 20:16:56
ETHBKRW,1277799.0,2022-04-05 20:16:56
BNBBKRW,44687.0,2022-04-05 20:16:56
WTCUSDT,0.5799,2022-04-05 20:16:56
DATABUSD,0.08821,2022-04-05 20:16:56
DATAUSDT,0.08814,2022-04-05 20:16:56
XZCUSDT,4.446,2022-04-05 20:16:56
SOLBNB,0.2847,2022-04-05 20:16:56
SOLBTC,0.0027854,2022-04-05 20:16:56
SOLUSDT,127.8,2022-04-05 20:16:56
SOLBUSD,127.84,2022-04-05 20:16:56
BTCIDRT,693891182.0,2022-04-05 20:16:56
BNBIDRT,6423634.0,2022-04-05 20:16:56
USDTIDRT,14314.0,2022-04-05 20:16:56
BUSDIDRT,14389.0,2022-04-05 20:16:56
CTSIBTC,1.004e-05,2022-04-05 20:16:56
CTSIUSDT,0.462,2022-04-05 20:16:56
CTSIBNB,0.001028,2022-04-05 20:16:56
CTSIBUSD,0.4618,2022-04-05 20:16:56
HIVEBNB,0.00429,2022-04-05 20:16:56
HIVEBTC,2.362e-05,2022-04-05 20:16:56
HIVEUSDT,1.0839,2022-04-05 20:16:56
CHRBNB,0.0013154,2022-04-05 20:16:56
CHRBTC,1.287e-05,2022-04-05 20:16:56
CHRUSDT,0.5909,2022-04-05 20:16:56
BTCUPUSDT,50.589,2022-04-05 20:16:56
BTCDOWNUSDT,0.010064,2022-04-05 20:16:56
GXSUSDT,1.9884,2022-04-05 20:16:56
ARDRUSDT,0.2471,2022-04-05 20:16:56
ERDBUSD,0.019661,2022-04-05 20:16:56
LENDUSDT,0.51431,2022-04-05 20:16:56
HBARBUSD,0.2301,2022-04-05 20:16:56
MATICBUSD,1.607,2022-04-05 20:16:56
WRXBUSD,0.736,2022-04-05 20:16:56
ZILBUSD,0.12623,2022-04-05 20:16:56
MDTBNB,0.0007372,2022-04-05 20:16:56
MDTBTC,1.35e-06,2022-04-05 20:16:56
MDTUSDT,0.06185,2022-04-05 20:16:56
STMXBTC,4.9e-07,2022-04-05 20:16:56
STMXETH,6.53e-06,2022-04-05 20:16:56
STMXUSDT,0.02249,2022-04-05 20:16:56
KNCBUSD,3.054,2022-04-05 20:16:56
KNCUSDT,3.053,2022-04-05 20:16:56
REPBUSD,13.673,2022-04-05 20:16:56
REPUSDT,15.91,2022-04-05 20:16:56
LRCBUSD,1.1289,2022-04-05 20:16:56
LRCUSDT,1.129,2022-04-05 20:16:56
IQBNB,2.243e-05,2022-04-05 20:16:56
IQBUSD,0.01398,2022-04-05 20:16:56
PNTBTC,1.485e-05,2022-04-05 20:16:56
PNTUSDT,0.6809,2022-04-05 20:16:56
BTCGBP,35088.68,2022-04-05 20:16:56
ETHGBP,2638.65,2022-04-05 20:16:56
XRPGBP,0.6288,2022-04-05 20:16:56
BNBGBP,343.5,2022-04-05 20:16:56
GBPBUSD,1.306,2022-04-05 20:16:56
DGBBTC,7.2e-07,2022-04-05 20:16:56
DGBBUSD,0.03314,2022-04-05 20:16:56
BTCUAH,1460014.0,2022-04-05 20:16:56
USDTUAH,31.87,2022-04-05 20:16:56
COMPBTC,0.00341,2022-04-05 20:16:56
COMPBNB,5.719,2022-04-05 20:16:56
COMPBUSD,156.2,2022-04-05 20:16:56
COMPUSDT,156.4,2022-04-05 20:16:56
BTCBIDR,658489466.0,2022-04-05 20:16:56
ETHBIDR,49509349.0,2022-04-05 20:16:56
BNBBIDR,6445776.0,2022-04-05 20:16:56
BUSDBIDR,14367.0,2022-04-05 20:16:56
USDTBIDR,14369.0,2022-04-05 20:16:56
BKRWUSDT,0.0008453,2022-04-05 20:16:56
BKRWBUSD,0.0008455,2022-04-05 20:16:56
SCUSDT,0.01273,2022-04-05 20:16:56
ZENUSDT,46.86,2022-04-05 20:16:56
SXPBTC,3.294e-05,2022-04-05 20:16:56
SXPBNB,0.003362,2022-04-05 20:16:56
SXPBUSD,1.512,2022-04-05 20:16:56
SNXBTC,0.000135,2022-04-05 20:16:56
SNXBNB,0.0138,2022-04-05 20:16:56
SNXBUSD,6.201,2022-04-05 20:16:56
SNXUSDT,6.203,2022-04-05 20:16:56
ETHUPUSDT,47.853,2022-04-05 20:16:56
ETHDOWNUSDT,0.452,2022-04-05 20:16:56
ADAUPUSDT,14.731,2022-04-05 20:16:56
ADADOWNUSDT,0.00273,2022-04-05 20:16:56
LINKUPUSDT,0.19204,2022-04-05 20:16:56
LINKDOWNUSDT,0.005965,2022-04-05 20:16:56
VTHOBNB,1.079e-05,2022-04-05 20:16:56
VTHOBUSD,0.000718,2022-04-05 20:16:56
VTHOUSDT,0.004861,2022-04-05 20:16:56
DCRBUSD,16.035,2022-04-05 20:16:56
DGBUSDT,0.03317,2022-04-05 20:16:56
GBPUSDT,1.306,2022-04-05 20:16:56
STORJBUSD,1.3035,2022-04-05 20:16:56
SXPUSDT,1.512,2022-04-05 20:16:56
IRISBNB,0.001662,2022-04-05 20:16:56
IRISBTC,1.69e-06,2022-04-05 20:16:56
IRISBUSD,0.0608,2022-04-05 20:16:56
MKRBNB,6.903,2022-04-05 20:16:56
MKRBTC,0.05106,2022-04-05 20:16:56
MKRUSDT,2343.0,2022-04-05 20:16:56
MKRBUSD,2329.0,2022-04-05 20:16:56
DAIBNB,0.04876,2022-04-05 20:16:56
DAIBTC,8.966e-05,2022-04-05 20:16:56
DAIUSDT,1.0189,2022-04-05 20:16:56
DAIBUSD,1.0181,2022-04-05 20:16:56
RUNEBNB,0.02442,2022-04-05 20:16:56
RUNEBTC,0.000239,2022-04-05 20:16:56
RUNEBUSD,10.97,2022-04-05 20:16:56
MANABUSD,2.5826,2022-04-05 20:16:56
DOGEBUSD,0.171,2022-04-05 20:16:56
LENDBUSD,0.5153,2022-04-05 20:16:56
ZRXBUSD,0.8189,2022-04-05 20:16:56
DCRUSDT,63.0,2022-04-05 20:16:56
STORJUSDT,1.3061,2022-04-05 20:16:56
XRPBKRW,319.76,2022-04-05 20:16:56
ADABKRW,327.55,2022-04-05 20:16:56
BTCAUD,60607.3,2022-04-05 20:16:56
ETHAUD,4553.74,2022-04-05 20:16:56
AUDBUSD,0.7569,2022-04-05 20:16:56
FIOBNB,0.0002482,2022-04-05 20:16:56
FIOBTC,2.43e-06,2022-04-05 20:16:56
FIOBUSD,0.1114,2022-04-05 20:16:56
BNBUPUSDT,222.66,2022-04-05 20:16:56
BNBDOWNUSDT,0.05765,2022-04-05 20:16:56
XTZUPUSDT,0.002551,2022-04-05 20:16:56
XTZDOWNUSDT,2.6001,2022-04-05 20:16:56
AVABNB,0.004074,2022-04-05 20:16:56
AVABTC,3.992e-05,2022-04-05 20:16:56
AVABUSD,1.824,2022-04-05 20:16:56
USDTBKRW,1125.0,2022-04-05 20:16:56
BUSDBKRW,1097.18,2022-04-05 20:16:56
IOTABUSD,0.8307,2022-04-05 20:16:56
MANAUSDT,2.5821,2022-04-05 20:16:56
XRPAUD,1.0861,2022-04-05 20:16:56
BNBAUD,593.4,2022-04-05 20:16:56
AUDUSDT,0.7568,2022-04-05 20:16:56
BALBNB,0.4258,2022-04-05 20:16:56
BALBTC,0.0003652,2022-04-05 20:16:56
BALBUSD,16.76,2022-04-05 20:16:56
YFIBNB,82.19,2022-04-05 20:16:56
YFIBTC,0.5188,2022-04-05 20:16:56
YFIBUSD,23843.29,2022-04-05 20:16:56
YFIUSDT,23813.16,2022-04-05 20:16:56
BLZBUSD,0.07104,2022-04-05 20:16:56
KMDBUSD,0.4676,2022-04-05 20:16:56
BALUSDT,16.76,2022-04-05 20:16:56
BLZUSDT,0.2041,2022-04-05 20:16:56
IRISUSDT,0.07758,2022-04-05 20:16:56
KMDUSDT,0.5833,2022-04-05 20:16:56
BTCDAI,45891.85,2022-04-05 20:16:56
ETHDAI,3445.52,2022-04-05 20:16:56
BNBDAI,448.7,2022-04-05 20:16:56
USDTDAI,1.0002,2022-04-05 20:16:56
BUSDDAI,1.0001,2022-04-05 20:16:56
JSTBNB,0.0002185,2022-04-05 20:16:56
JSTBTC,1.67e-06,2022-04-05 20:16:56
JSTBUSD,0.07679,2022-04-05 20:16:56
JSTUSDT,0.07675,2022-04-05 20:16:56
SRMBNB,0.0066,2022-04-05 20:16:56
SRMBTC,6.47e-05,2022-04-05 20:16:56
SRMBUSD,2.968,2022-04-05 20:16:56
SRMUSDT,2.966,2022-04-05 20:16:56
ANTBNB,0.01282,2022-04-05 20:16:56
ANTBTC,0.00012574,2022-04-05 20:16:56
ANTBUSD,5.761,2022-04-05 20:16:56
ANTUSDT,5.769,2022-04-05 20:16:56
CRVBNB,0.00687,2022-04-05 20:16:56
CRVBTC,6.21e-05,2022-04-05 20:16:56
CRVBUSD,2.847,2022-04-05 20:16:56
CRVUSDT,2.847,2022-04-05 20:16:56
SANDBNB,0.007504,2022-04-05 20:16:56
SANDBTC,7.345e-05,2022-04-05 20:16:56
SANDUSDT,3.3692,2022-04-05 20:16:56
SANDBUSD,3.3704,2022-04-05 20:16:56
OCEANBNB,0.001348,2022-04-05 20:16:56
OCEANBTC,1.322e-05,2022-04-05 20:16:56
OCEANBUSD,0.6038,2022-04-05 20:16:56
OCEANUSDT,0.6065,2022-04-05 20:16:56
NMRBTC,0.000686,2022-04-05 20:16:56
NMRBUSD,31.46,2022-04-05 20:16:56
NMRUSDT,31.43,2022-04-05 20:16:56
DOTBNB,0.04927,2022-04-05 20:16:56
DOTBTC,0.0004821,2022-04-05 20:16:56
DOTBUSD,22.12,2022-04-05 20:16:56
DOTUSDT,22.12,2022-04-05 20:16:56
LUNABNB,0.2607,2022-04-05 20:16:56
LUNABTC,0.002552,2022-04-05 20:16:56
LUNABUSD,117.07,2022-04-05 20:16:56
LUNAUSDT,117.07,2022-04-05 20:16:56
IDEXBTC,3.85e-06,2022-04-05 20:16:56
IDEXBUSD,0.17674,2022-04-05 20:16:56
RSRBNB,4.07e-05,2022-04-05 20:16:56
RSRBTC,4e-07,2022-04-05 20:16:56
RSRBUSD,0.01828,2022-04-05 20:16:56
RSRUSDT,0.0183,2022-04-05 20:16:56
PAXGBNB,4.291,2022-04-05 20:16:56
PAXGBTC,0.04189,2022-04-05 20:16:56
PAXGBUSD,1923.0,2022-04-05 20:16:56
PAXGUSDT,1922.0,2022-04-05 20:16:56
WNXMBNB,0.1735,2022-04-05 20:16:56
WNXMBTC,0.000672,2022-04-05 20:16:56
WNXMBUSD,22.165,2022-04-05 20:16:56
WNXMUSDT,34.7,2022-04-05 20:16:56
TRBBNB,0.517,2022-04-05 20:16:56
TRBBTC,0.000589,2022-04-05 20:16:56
TRBBUSD,27.05,2022-04-05 20:16:56
TRBUSDT,27.06,2022-04-05 20:16:56
ETHNGN,805670.0,2022-04-05 20:16:56
DOTBIDR,316691.0,2022-04-05 20:16:56
LINKAUD,22.41,2022-04-05 20:16:56
SXPAUD,1.868,2022-04-05 20:16:56
BZRXBNB,0.00514,2022-04-05 20:16:56
BZRXBTC,4.63e-06,2022-04-05 20:16:56
BZRXBUSD,0.2164,2022-04-05 20:16:56
BZRXUSDT,0.2156,2022-04-05 20:16:56
WBTCBTC,0.9997,2022-04-05 20:16:56
WBTCETH,13.32,2022-04-05 20:16:56
SUSHIBNB,0.00929,2022-04-05 20:16:56
SUSHIBTC,9.09e-05,2022-04-05 20:16:56
SUSHIBUSD,4.171,2022-04-05 20:16:56
SUSHIUSDT,4.17,2022-04-05 20:16:56
YFIIBNB,5.11,2022-04-05 20:16:56
YFIIBTC,0.0496,2022-04-05 20:16:56
YFIIBUSD,2275.0,2022-04-05 20:16:56
YFIIUSDT,2277.0,2022-04-05 20:16:56
KSMBNB,0.4082,2022-04-05 20:16:56
KSMBTC,0.003995,2022-04-05 20:16:56
KSMBUSD,183.0,2022-04-05 20:16:56
KSMUSDT,183.3,2022-04-05 20:16:56
EGLDBNB,0.4135,2022-04-05 20:16:56
EGLDBTC,0.004041,2022-04-05 20:16:56
EGLDBUSD,185.51,2022-04-05 20:16:56
EGLDUSDT,185.47,2022-04-05 20:16:56
DIABNB,0.003813,2022-04-05 20:16:56
DIABTC,2.381e-05,2022-04-05 20:16:56
DIABUSD,1.084,2022-04-05 20:16:56
DIAUSDT,1.085,2022-04-05 20:16:56
RUNEUSDT,10.967,2022-04-05 20:16:56
FIOUSDT,0.1114,2022-04-05 20:16:56
UMABTC,0.0001745,2022-04-05 20:16:56
UMAUSDT,7.989,2022-04-05 20:16:56
EOSUPUSDT,0.2113,2022-04-05 20:16:56
EOSDOWNUSDT,0.0003665,2022-04-05 20:16:56
TRXUPUSDT,0.09246,2022-04-05 20:16:56
TRXDOWNUSDT,7.355,2022-04-05 20:16:56
XRPUPUSDT,1.4042,2022-04-05 20:16:56
XRPDOWNUSDT,0.0003773,2022-04-05 20:16:56
DOTUPUSDT,1.9822,2022-04-05 20:16:56
DOTDOWNUSDT,7.563,2022-04-05 20:16:56
SRMBIDR,26748.0,2022-04-05 20:16:56
ONEBIDR,119.92,2022-04-05 20:16:56
LINKTRY,250.7,2022-04-05 20:16:56
USDTNGN,589.7,2022-04-05 20:16:56
BELBNB,0.002575,2022-04-05 20:16:56
BELBTC,2.517e-05,2022-04-05 20:16:56
BELBUSD,1.156,2022-04-05 20:16:56
BELUSDT,1.155,2022-04-05 20:16:56
WINGBNB,0.04865,2022-04-05 20:16:56
WINGBTC,0.000236,2022-04-05 20:16:56
SWRVBNB,0.001504,2022-04-05 20:16:56
SWRVBUSD,0.5649,2022-04-05 20:16:56
WINGBUSD,10.85,2022-04-05 20:16:56
WINGUSDT,10.81,2022-04-05 20:16:56
LTCUPUSDT,0.4801,2022-04-05 20:16:56
LTCDOWNUSDT,2.2279,2022-04-05 20:16:56
LENDBKRW,579.46,2022-04-05 20:16:56
SXPEUR,1.387,2022-04-05 20:16:56
CREAMBNB,0.1132,2022-04-05 20:16:56
CREAMBUSD,50.5,2022-04-05 20:16:56
UNIBNB,0.02496,2022-04-05 20:16:56
UNIBTC,0.0002443,2022-04-05 20:16:56
UNIBUSD,11.21,2022-04-05 20:16:56
UNIUSDT,11.22,2022-04-05 20:16:56
NBSBTC,3.1e-07,2022-04-05 20:16:56
NBSUSDT,0.01587,2022-04-05 20:16:56
OXTBTC,6.33e-06,2022-04-05 20:16:56
OXTUSDT,0.2898,2022-04-05 20:16:56
SUNBTC,0.000711,2022-04-05 20:16:56
SUNUSDT,0.01632,2022-04-05 20:16:56
AVAXBNB,0.20529,2022-04-05 20:16:56
AVAXBTC,0.0020065,2022-04-05 20:16:56
AVAXBUSD,92.14,2022-04-05 20:16:56
AVAXUSDT,92.11,2022-04-05 20:16:56
HNTBTC,0.0005271,2022-04-05 20:16:56
HNTUSDT,24.25,2022-04-05 20:16:56
BAKEBNB,0.002316,2022-04-05 20:16:56
BURGERBNB,0.00386,2022-04-05 20:16:56
SXPBIDR,19956.0,2022-04-05 20:16:56
LINKBKRW,16948.99,2022-04-05 20:16:56
FLMBNB,0.00333,2022-04-05 20:16:56
FLMBTC,5.69e-06,2022-04-05 20:16:56
FLMBUSD,0.2321,2022-04-05 20:16:56
FLMUSDT,0.2606,2022-04-05 20:16:56
SCRTBTC,0.0001359,2022-04-05 20:16:56
SCRTETH,0.0018082,2022-04-05 20:16:56
CAKEBNB,0.02137,2022-04-05 20:16:56
CAKEBUSD,9.58,2022-04-05 20:16:56
SPARTABNB,0.0003612,2022-04-05 20:16:56
UNIUPUSDT,1.055,2022-04-05 20:16:56
UNIDOWNUSDT,2.172,2022-04-05 20:16:56
ORNBTC,8.55e-05,2022-04-05 20:16:56
ORNUSDT,3.916,2022-04-05 20:16:56
TRXNGN,20.71,2022-04-05 20:16:56
SXPTRY,22.34,2022-04-05 20:16:56
UTKBTC,6.05e-06,2022-04-05 20:16:56
UTKUSDT,0.2774,2022-04-05 20:16:56
XVSBNB,0.02898,2022-04-05 20:16:56
XVSBTC,0.0002811,2022-04-05 20:16:56
XVSBUSD,12.93,2022-04-05 20:16:56
XVSUSDT,12.91,2022-04-05 20:16:56
ALPHABNB,0.00113,2022-04-05 20:16:56
ALPHABTC,1.104e-05,2022-04-05 20:16:56
ALPHABUSD,0.5086,2022-04-05 20:16:56
ALPHAUSDT,0.5087,2022-04-05 20:16:56
VIDTBTC,1.222e-05,2022-04-05 20:16:56
VIDTBUSD,0.5599,2022-04-05 20:16:56
AAVEBNB,0.4998,2022-04-05 20:16:56
BTCBRL,215085.0,2022-04-05 20:16:56
USDTBRL,4.689,2022-04-05 20:16:56
AAVEBTC,0.004893,2022-04-05 20:16:56
AAVEETH,0.0651,2022-04-05 20:16:56
AAVEBUSD,224.5,2022-04-05 20:16:56
AAVEUSDT,224.3,2022-04-05 20:16:56
AAVEBKRW,164167.0,2022-04-05 20:16:56
NEARBNB,0.036862,2022-04-05 20:16:56
NEARBTC,0.00036068,2022-04-05 20:16:56
NEARBUSD,16.551,2022-04-05 20:16:56
NEARUSDT,16.537,2022-04-05 20:16:56
SXPUPUSDT,0.17426,2022-04-05 20:16:56
SXPDOWNUSDT,0.0895,2022-04-05 20:16:56
DOTBKRW,13514.98,2022-04-05 20:16:56
SXPGBP,1.155,2022-04-05 20:16:56
FILBNB,0.0563,2022-04-05 20:16:56
FILBTC,0.000551,2022-04-05 20:16:56
FILBUSD,25.28,2022-04-05 20:16:56
FILUSDT,25.28,2022-04-05 20:16:56
FILUPUSDT,0.1515,2022-04-05 20:16:56
FILDOWNUSDT,0.0007666,2022-04-05 20:16:56
YFIUPUSDT,0.1169,2022-04-05 20:16:56
YFIDOWNUSDT,0.9009,2022-04-05 20:16:56
INJBNB,0.01428,2022-04-05 20:16:56
INJBTC,0.0001397,2022-04-05 20:16:56
INJBUSD,6.42,2022-04-05 20:16:56
INJUSDT,6.408,2022-04-05 20:16:56
AERGOBTC,5.94e-06,2022-04-05 20:16:56
AERGOBUSD,0.273,2022-04-05 20:16:56
LINKEUR,15.59,2022-04-05 20:16:56
ONEBUSD,0.1564,2022-04-05 20:16:56
EASYETH,0.00623,2022-04-05 20:16:56
AUDIOBTC,3.347e-05,2022-04-05 20:16:56
AUDIOBUSD,1.538,2022-04-05 20:16:56
AUDIOUSDT,1.538,2022-04-05 20:16:56
CTKBNB,0.003263,2022-04-05 20:16:56
CTKBTC,3.193e-05,2022-04-05 20:16:56
CTKBUSD,1.469,2022-04-05 20:16:56
CTKUSDT,1.467,2022-04-05 20:16:56
BCHUPUSDT,0.0724,2022-04-05 20:16:56
BCHDOWNUSDT,0.2247,2022-04-05 20:16:56
BOTBTC,0.04906,2022-04-05 20:16:56
BOTBUSD,2783.23,2022-04-05 20:16:56
ETHBRL,16153.67,2022-04-05 20:16:56
DOTEUR,20.26,2022-04-05 20:16:56
AKROBTC,3.4e-07,2022-04-05 20:16:56
AKROUSDT,0.01536,2022-04-05 20:16:56
KP3RBNB,1.1063,2022-04-05 20:16:56
KP3RBUSD,496.42,2022-04-05 20:16:56
AXSBNB,0.1382,2022-04-05 20:16:56
AXSBTC,0.001355,2022-04-05 20:16:56
AXSBUSD,62.18,2022-04-05 20:16:56
AXSUSDT,62.17,2022-04-05 20:16:56
HARDBNB,0.001221,2022-04-05 20:16:56
HARDBTC,1.2e-05,2022-04-05 20:16:56
HARDBUSD,0.5495,2022-04-05 20:16:56
HARDUSDT,0.5496,2022-04-05 20:16:56
BNBBRL,2104.0,2022-04-05 20:16:56
LTCEUR,114.3,2022-04-05 20:16:56
RENBTCBTC,0.9992,2022-04-05 20:16:56
RENBTCETH,16.299,2022-04-05 20:16:56
DNTBUSD,0.1201,2022-04-05 20:16:56
DNTUSDT,0.1206,2022-04-05 20:16:56
SLPETH,7.15e-06,2022-04-05 20:16:56
ADAEUR,1.082,2022-04-05 20:16:56
LTCNGN,78132.0,2022-04-05 20:16:56
CVPETH,0.0002669,2022-04-05 20:16:56
CVPBUSD,0.92,2022-04-05 20:16:56
STRAXBTC,2.764e-05,2022-04-05 20:16:56
STRAXETH,0.0003691,2022-04-05 20:16:56
STRAXBUSD,1.266,2022-04-05 20:16:56
STRAXUSDT,1.267,2022-04-05 20:16:56
FORBTC,1.11e-06,2022-04-05 20:16:56
FORBUSD,0.05074,2022-04-05 20:16:56
UNFIBNB,0.02654,2022-04-05 20:16:56
UNFIBTC,0.0001433,2022-04-05 20:16:56
UNFIBUSD,6.556,2022-04-05 20:16:56
UNFIUSDT,6.577,2022-04-05 20:16:56
FRONTETH,0.0003304,2022-04-05 20:16:56
FRONTBUSD,0.6198,2022-04-05 20:16:56
BCHABUSD,43.641,2022-04-05 20:16:56
ROSEBTC,6.61e-06,2022-04-05 20:16:56
ROSEBUSD,0.30353,2022-04-05 20:16:56
ROSEUSDT,0.30359,2022-04-05 20:16:56
AVAXTRY,1361.9,2022-04-05 20:16:56
BUSDBRL,4.687,2022-04-05 20:16:56
AVAUSDT,1.828,2022-04-05 20:16:56
SYSBUSD,0.6643,2022-04-05 20:16:56
XEMUSDT,0.1163,2022-04-05 20:16:56
HEGICETH,1.647e-05,2022-04-05 20:16:56
HEGICBUSD,0.0359,2022-04-05 20:16:56
AAVEUPUSDT,0.6008,2022-04-05 20:16:56
AAVEDOWNUSDT,0.004673,2022-04-05 20:16:56
PROMBNB,0.02243,2022-04-05 20:16:56
PROMBUSD,10.03,2022-04-05 20:16:56
XRPBRL,3.853,2022-04-05 20:16:56
XRPNGN,214.17,2022-04-05 20:16:56
SKLBTC,5.56e-06,2022-04-05 20:16:56
SKLBUSD,0.2556,2022-04-05 20:16:56
SKLUSDT,0.2555,2022-04-05 20:16:56
BCHEUR,338.2,2022-04-05 20:16:56
YFIEUR,21769.57,2022-04-05 20:16:56
ZILBIDR,1813.0,2022-04-05 20:16:56
SUSDBTC,2.065e-05,2022-04-05 20:16:56
SUSDETH,0.000527,2022-04-05 20:16:56
SUSDUSDT,0.997,2022-04-05 20:16:56
COVERETH,0.06373,2022-04-05 20:16:56
COVERBUSD,193.6,2022-04-05 20:16:56
GLMBTC,1.127e-05,2022-04-05 20:16:56
GLMETH,0.0001491,2022-04-05 20:16:56
GHSTETH,0.0006014,2022-04-05 20:16:56
GHSTBUSD,2.075,2022-04-05 20:16:56
SUSHIUPUSDT,0.004714,2022-04-05 20:16:56
SUSHIDOWNUSDT,37.37,2022-04-05 20:16:56
XLMUPUSDT,0.0243,2022-04-05 20:16:56
XLMDOWNUSDT,4.304,2022-04-05 20:16:56
LINKBRL,79.6,2022-04-05 20:16:56
LINKNGN,11772.0,2022-04-05 20:16:56
LTCRUB,10757.1,2022-04-05 20:16:56
TRXTRY,1.0349,2022-04-05 20:16:56
XLMEUR,0.2088,2022-04-05 20:16:56
DFETH,7.02e-05,2022-04-05 20:16:56
DFBUSD,0.0902,2022-04-05 20:16:56
GRTBTC,1.023e-05,2022-04-05 20:16:56
GRTETH,0.000136,2022-04-05 20:16:56
GRTUSDT,0.4695,2022-04-05 20:16:56
JUVBTC,0.0001439,2022-04-05 20:16:56
JUVBUSD,6.6,2022-04-05 20:16:56
JUVUSDT,6.61,2022-04-05 20:16:56
PSGBTC,0.0003227,2022-04-05 20:16:56
PSGBUSD,14.76,2022-04-05 20:16:56
PSGUSDT,14.77,2022-04-05 20:16:56
BUSDBVND,23720.0,2022-04-05 20:16:56
USDTBVND,23710.0,2022-04-05 20:16:56
1INCHBTC,4.063e-05,2022-04-05 20:16:56
1INCHUSDT,1.866,2022-04-05 20:16:56
REEFBTC,2.6e-07,2022-04-05 20:16:56
REEFUSDT,0.01178,2022-04-05 20:16:56
OGBTC,9.33e-05,2022-04-05 20:16:56
OGUSDT,4.292,2022-04-05 20:16:56
ATMBTC,0.0001482,2022-04-05 20:16:56
ATMUSDT,6.8,2022-04-05 20:16:56
ASRBTC,9.07e-05,2022-04-05 20:16:56
ASRUSDT,4.165,2022-04-05 20:16:56
CELOBTC,9.361e-05,2022-04-05 20:16:56
CELOUSDT,4.295,2022-04-05 20:16:56
RIFBTC,3.65e-06,2022-04-05 20:16:56
RIFUSDT,0.1672,2022-04-05 20:16:56
CHZTRY,3.891,2022-04-05 20:16:56
XLMTRY,3.364,2022-04-05 20:16:56
LINKGBP,13.0,2022-04-05 20:16:56
GRTEUR,0.4306,2022-04-05 20:16:56
BTCSTBTC,0.0004127,2022-04-05 20:16:56
BTCSTBUSD,18.91,2022-04-05 20:16:56
BTCSTUSDT,18.91,2022-04-05 20:16:56
TRUBTC,5.42e-06,2022-04-05 20:16:56
TRUBUSD,0.5357,2022-04-05 20:16:56
TRUUSDT,0.2486,2022-04-05 20:16:56
DEXEETH,0.00206,2022-04-05 20:16:56
DEXEBUSD,7.12,2022-04-05 20:16:56
EOSEUR,2.558,2022-04-05 20:16:56
LTCBRL,582.7,2022-04-05 20:16:56
USDCBUSD,0.9999,2022-04-05 20:16:56
TUSDBUSD,1.0,2022-04-05 20:16:56
PAXBUSD,1.0,2022-04-05 20:16:56
CKBBTC,2.8e-07,2022-04-05 20:16:56
CKBBUSD,0.01285,2022-04-05 20:16:56
CKBUSDT,0.01283,2022-04-05 20:16:56
TWTBTC,2.771e-05,2022-04-05 20:16:56
TWTBUSD,1.2674,2022-04-05 20:16:56
TWTUSDT,1.2676,2022-04-05 20:16:56
FIROBTC,0.0001019,2022-04-05 20:16:56
FIROETH,0.001333,2022-04-05 20:16:56
FIROUSDT,4.68,2022-04-05 20:16:56
BETHETH,0.9682,2022-04-05 20:16:56
DOGEEUR,0.1569,2022-04-05 20:16:56
DOGETRY,2.529,2022-04-05 20:16:56
DOGEAUD,0.2259,2022-04-05 20:16:56
DOGEBRL,0.8,2022-04-05 20:16:56
DOTNGN,10716.0,2022-04-05 20:16:56
PROSETH,0.0002086,2022-04-05 20:16:56
LITBTC,3.923e-05,2022-04-05 20:16:56
LITBUSD,1.797,2022-04-05 20:16:56
LITUSDT,1.799,2022-04-05 20:16:56
BTCVAI,56876.4,2022-04-05 20:16:56
BUSDVAI,1.075,2022-04-05 20:16:56
SFPBTC,2.158e-05,2022-04-05 20:16:56
SFPBUSD,0.9913,2022-04-05 20:16:56
SFPUSDT,0.9913,2022-04-05 20:16:56
DOGEGBP,0.1306,2022-04-05 20:16:56
DOTTRY,326.3,2022-04-05 20:16:56
FXSBTC,0.00073256,2022-04-05 20:16:56
FXSBUSD,33.6,2022-04-05 20:16:56
DODOBTC,1.111e-05,2022-04-05 20:16:56
DODOBUSD,0.51,2022-04-05 20:16:56
DODOUSDT,0.51,2022-04-05 20:16:56
FRONTBTC,1.351e-05,2022-04-05 20:16:56
EASYBTC,0.0002925,2022-04-05 20:16:56
CAKEBTC,0.0002089,2022-04-05 20:16:56
CAKEUSDT,9.58,2022-04-05 20:16:56
BAKEBUSD,1.04,2022-04-05 20:16:56
UFTETH,0.0001267,2022-04-05 20:16:56
UFTBUSD,0.4357,2022-04-05 20:16:56
1INCHBUSD,1.865,2022-04-05 20:16:56
BANDBUSD,5.146,2022-04-05 20:16:56
GRTBUSD,0.4694,2022-04-05 20:16:56
IOSTBUSD,0.03538,2022-04-05 20:16:56
OMGBUSD,5.552,2022-04-05 20:16:56
REEFBUSD,0.01175,2022-04-05 20:16:56
ACMBTC,0.0001585,2022-04-05 20:16:56
ACMBUSD,7.281,2022-04-05 20:16:56
ACMUSDT,7.255,2022-04-05 20:16:56
AUCTIONBTC,0.0003518,2022-04-05 20:16:56
AUCTIONBUSD,16.12,2022-04-05 20:16:56
PHABTC,7.01e-06,2022-04-05 20:16:56
PHABUSD,0.3212,2022-04-05 20:16:56
DOTGBP,16.92,2022-04-05 20:16:56
ADATRY,17.44,2022-04-05 20:16:56
ADABRL,5.526,2022-04-05 20:16:56
ADAGBP,0.9026,2022-04-05 20:16:56
TVKBTC,3.14e-06,2022-04-05 20:16:56
TVKBUSD,0.1442,2022-04-05 20:16:56
BADGERBTC,0.000261,2022-04-05 20:16:56
BADGERBUSD,12.01,2022-04-05 20:16:56
BADGERUSDT,12.0,2022-04-05 20:16:56
FISBTC,1.771e-05,2022-04-05 20:16:56
FISBUSD,0.8161,2022-04-05 20:16:56
FISUSDT,0.8122,2022-04-05 20:16:56
DOTBRL,103.59,2022-04-05 20:16:56
ADAAUD,1.559,2022-04-05 20:16:56
HOTTRY,0.09588,2022-04-05 20:16:56
EGLDEUR,170.23,2022-04-05 20:16:56
OMBTC,2.19e-06,2022-04-05 20:16:56
OMBUSD,0.0998,2022-04-05 20:16:56
OMUSDT,0.0997,2022-04-05 20:16:56
PONDBTC,8.8e-07,2022-04-05 20:16:56
PONDBUSD,0.04041,2022-04-05 20:16:56
PONDUSDT,0.04041,2022-04-05 20:16:56
DEGOBTC,8.54e-05,2022-04-05 20:16:56
DEGOBUSD,3.93,2022-04-05 20:16:56
DEGOUSDT,3.93,2022-04-05 20:16:56
AVAXEUR,84.51,2022-04-05 20:16:56
BTTTRY,0.03783,2022-04-05 20:16:56
CHZBRL,1.233,2022-04-05 20:16:56
UNIEUR,10.27,2022-04-05 20:16:56
ALICEBTC,0.0001689,2022-04-05 20:16:56
ALICEBUSD,7.75,2022-04-05 20:16:56
ALICEUSDT,7.75,2022-04-05 20:16:56
CHZBUSD,0.2636,2022-04-05 20:16:56
CHZEUR,0.242,2022-04-05 20:16:56
CHZGBP,0.2018,2022-04-05 20:16:56
BIFIBNB,2.777,2022-04-05 20:16:56
BIFIBUSD,1487.3,2022-04-05 20:16:56
LINABTC,5.9e-07,2022-04-05 20:16:56
LINABUSD,0.0269,2022-04-05 20:16:56
LINAUSDT,0.02691,2022-04-05 20:16:56
ADARUB,102.0,2022-04-05 20:16:56
ENJBRL,8.059,2022-04-05 20:16:56
ENJEUR,1.576,2022-04-05 20:16:56
MATICEUR,1.4738,2022-04-05 20:16:56
NEOTRY,387.0,2022-04-05 20:16:56
PERPBTC,0.0001075,2022-04-05 20:16:56
PERPBUSD,4.94,2022-04-05 20:16:56
PERPUSDT,4.93,2022-04-05 20:16:56
RAMPBTC,2.43e-06,2022-04-05 20:16:56
RAMPBUSD,0.1114,2022-04-05 20:16:56
RAMPUSDT,0.1114,2022-04-05 20:16:56
SUPERBTC,1.699e-05,2022-04-05 20:16:56
SUPERBUSD,0.781,2022-04-05 20:16:56
SUPERUSDT,0.7809,2022-04-05 20:16:56
CFXBTC,3.9e-06,2022-04-05 20:16:56
CFXBUSD,0.1797,2022-04-05 20:16:56
CFXUSDT,0.1795,2022-04-05 20:16:56
ENJGBP,1.3162,2022-04-05 20:16:56
EOSTRY,41.17,2022-04-05 20:16:56
LTCGBP,95.3,2022-04-05 20:16:56
LUNAEUR,107.43,2022-04-05 20:16:56
RVNTRY,1.0181,2022-04-05 20:16:56
THETAEUR,3.467,2022-04-05 20:16:56
XVGBUSD,0.01291,2022-04-05 20:16:56
EPSBTC,4.98e-06,2022-04-05 20:16:56
EPSBUSD,0.2277,2022-04-05 20:16:56
EPSUSDT,0.2279,2022-04-05 20:16:56
AUTOBTC,0.0108,2022-04-05 20:16:56
AUTOBUSD,495.3,2022-04-05 20:16:56
AUTOUSDT,496.0,2022-04-05 20:16:56
TKOBTC,1.961e-05,2022-04-05 20:16:56
TKOBIDR,12922.37,2022-04-05 20:16:56
TKOBUSD,0.9,2022-04-05 20:16:56
TKOUSDT,0.899,2022-04-05 20:16:56
PUNDIXETH,0.0002888,2022-04-05 20:16:56
PUNDIXUSDT,0.997,2022-04-05 20:16:56
BTTBRL,0.01553,2022-04-05 20:16:56
BTTEUR,0.002436,2022-04-05 20:16:56
HOTEUR,0.005948,2022-04-05 20:16:56
WINEUR,0.0003225,2022-04-05 20:16:56
TLMBTC,2.81e-06,2022-04-05 20:16:56
TLMBUSD,0.1289,2022-04-05 20:16:56
TLMUSDT,0.129,2022-04-05 20:16:56
1INCHUPUSDT,0.065703,2022-04-05 20:16:56
1INCHDOWNUSDT,0.006148,2022-04-05 20:16:56
BTGBUSD,41.82,2022-04-05 20:16:56
BTGUSDT,41.67,2022-04-05 20:16:56
HOTBUSD,0.006481,2022-04-05 20:16:56
BNBUAH,14290.0,2022-04-05 20:16:56
ONTTRY,9.178,2022-04-05 20:16:56
VETEUR,0.07127,2022-04-05 20:16:56
VETGBP,0.05941,2022-04-05 20:16:56
WINBRL,0.001646,2022-04-05 20:16:56
MIRBTC,4.049e-05,2022-04-05 20:16:56
MIRBUSD,1.86,2022-04-05 20:16:56
MIRUSDT,1.853,2022-04-05 20:16:56
BARBTC,0.0002088,2022-04-05 20:16:56
BARBUSD,9.61,2022-04-05 20:16:56
BARUSDT,9.6,2022-04-05 20:16:56
FORTHBTC,0.0001727,2022-04-05 20:16:56
FORTHBUSD,7.92,2022-04-05 20:16:56
FORTHUSDT,7.92,2022-04-05 20:16:56
CAKEGBP,7.34,2022-04-05 20:16:56
DOGERUB,14.79,2022-04-05 20:16:56
HOTBRL,0.0375,2022-04-05 20:16:56
WRXEUR,0.5746,2022-04-05 20:16:56
EZBTC,5.162e-05,2022-04-05 20:16:56
EZETH,0.000688,2022-04-05 20:16:56
BAKEUSDT,1.04,2022-04-05 20:16:56
BURGERBUSD,1.733,2022-04-05 20:16:56
BURGERUSDT,1.732,2022-04-05 20:16:56
SLPBUSD,0.0246,2022-04-05 20:16:56
SLPUSDT,0.0247,2022-04-05 20:16:56
TRXAUD,0.0981,2022-04-05 20:16:56
TRXEUR,0.06416,2022-04-05 20:16:56
VETTRY,1.1449,2022-04-05 20:16:56
SHIBUSDT,2.701e-05,2022-04-05 20:16:56
SHIBBUSD,2.702e-05,2022-04-05 20:16:56
ICPBTC,0.000472,2022-04-05 20:16:56
ICPBNB,0.0482,2022-04-05 20:16:56
ICPBUSD,21.65,2022-04-05 20:16:56
ICPUSDT,21.67,2022-04-05 20:16:56
BTCGYEN,4300000.0,2022-04-05 20:16:56
USDTGYEN,85.0,2022-04-05 20:16:56
SHIBEUR,2.478e-05,2022-04-05 20:16:56
SHIBRUB,0.0005773,2022-04-05 20:16:56
ETCEUR,41.79,2022-04-05 20:16:56
ETCBRL,202.4,2022-04-05 20:16:56
DOGEBIDR,2455.0,2022-04-05 20:16:56
ARBTC,0.0008097,2022-04-05 20:16:56
ARBNB,0.08293,2022-04-05 20:16:56
ARBUSD,37.13,2022-04-05 20:16:56
ARUSDT,37.2,2022-04-05 20:16:56
POLSBTC,3.868e-05,2022-04-05 20:16:56
POLSBNB,0.00395,2022-04-05 20:16:56
POLSBUSD,1.774,2022-04-05 20:16:56
POLSUSDT,1.775,2022-04-05 20:16:56
MDXBTC,5.95e-06,2022-04-05 20:16:56
MDXBNB,0.000619,2022-04-05 20:16:56
MDXBUSD,0.273,2022-04-05 20:16:56
MDXUSDT,0.272,2022-04-05 20:16:56
MASKBNB,0.01203,2022-04-05 20:16:56
MASKBUSD,5.406,2022-04-05 20:16:56
MASKUSDT,5.411,2022-04-05 20:16:56
LPTBTC,0.0006033,2022-04-05 20:16:56
LPTBNB,0.06158,2022-04-05 20:16:56
LPTBUSD,27.68,2022-04-05 20:16:56
LPTUSDT,27.67,2022-04-05 20:16:56
ETHUAH,109842.0,2022-04-05 20:16:56
MATICBRL,7.531,2022-04-05 20:16:56
SOLEUR,117.3,2022-04-05 20:16:56
SHIBBRL,0.00012658,2022-04-05 20:16:56
AGIXBTC,3.52e-06,2022-04-05 20:16:56
ICPEUR,19.85,2022-04-05 20:16:56
MATICGBP,1.2285,2022-04-05 20:16:56
SHIBTRY,0.0003995,2022-04-05 20:16:56
MATICBIDR,23070.0,2022-04-05 20:16:56
MATICRUB,139.95,2022-04-05 20:16:56
NUBTC,1.24e-05,2022-04-05 20:16:56
NUBNB,0.0012677,2022-04-05 20:16:56
NUBUSD,0.5453,2022-04-05 20:16:56
NUUSDT,0.5436,2022-04-05 20:16:56
XVGUSDT,0.01296,2022-04-05 20:16:56
RLCBUSD,1.783,2022-04-05 20:16:56
CELRBUSD,0.06355,2022-04-05 20:16:56
ATMBUSD,6.76,2022-04-05 20:16:56
ZENBUSD,46.7,2022-04-05 20:16:56
FTMBUSD,1.4733,2022-04-05 20:16:56
THETABUSD,3.78,2022-04-05 20:16:56
WINBUSD,0.0003513,2022-04-05 20:16:56
KAVABUSD,4.341,2022-04-05 20:16:56
XEMBUSD,0.0963,2022-04-05 20:16:56
ATABTC,1.061e-05,2022-04-05 20:16:56
ATABNB,0.001085,2022-04-05 20:16:56
ATABUSD,0.4871,2022-04-05 20:16:56
ATAUSDT,0.4859,2022-04-05 20:16:56
GTCBTC,0.0001628,2022-04-05 20:16:56
GTCBNB,0.0186,2022-04-05 20:16:56
GTCBUSD,7.453,2022-04-05 20:16:56
GTCUSDT,7.477,2022-04-05 20:16:56
TORNBTC,0.0010257,2022-04-05 20:16:56
TORNBNB,0.09058,2022-04-05 20:16:56
TORNBUSD,47.0,2022-04-05 20:16:56
TORNUSDT,47.03,2022-04-05 20:16:56
MATICTRY,23.687,2022-04-05 20:16:56
ETCGBP,26.54,2022-04-05 20:16:56
SOLGBP,97.89,2022-04-05 20:16:56
BAKEBTC,2.267e-05,2022-04-05 20:16:56
COTIBUSD,0.3165,2022-04-05 20:16:56
KEEPBTC,1.432e-05,2022-04-05 20:16:56
KEEPBNB,0.0014507,2022-04-05 20:16:56
KEEPBUSD,0.626,2022-04-05 20:16:56
KEEPUSDT,0.6251,2022-04-05 20:16:56
SOLTRY,1890.2,2022-04-05 20:16:56
RUNEGBP,8.354,2022-04-05 20:16:56
SOLBRL,599.5,2022-04-05 20:16:56
SCBUSD,0.01275,2022-04-05 20:16:56
CHRBUSD,0.5896,2022-04-05 20:16:56
STMXBUSD,0.02248,2022-04-05 20:16:56
HNTBUSD,24.23,2022-04-05 20:16:56
FTTBUSD,48.91,2022-04-05 20:16:56
DOCKBUSD,0.04618,2022-04-05 20:16:56
ADABIDR,16932.0,2022-04-05 20:16:56
ERNBNB,0.01394,2022-04-05 20:16:56
ERNBUSD,6.226,2022-04-05 20:16:56
ERNUSDT,6.249,2022-04-05 20:16:56
KLAYBTC,2.472e-05,2022-04-05 20:16:56
KLAYBNB,0.002522,2022-04-05 20:16:56
KLAYBUSD,1.135,2022-04-05 20:16:56
KLAYUSDT,1.133,2022-04-05 20:16:56
RUNEEUR,10.038,2022-04-05 20:16:56
MATICAUD,2.122,2022-04-05 20:16:56
DOTRUB,1913.0,2022-04-05 20:16:56
UTKBUSD,0.2772,2022-04-05 20:16:56
IOTXBUSD,0.09541,2022-04-05 20:16:56
PHAUSDT,0.3217,2022-04-05 20:16:56
SOLRUB,11059.0,2022-04-05 20:16:56
RUNEAUD,17.404,2022-04-05 20:16:56
BUSDUAH,31.88,2022-04-05 20:16:56
BONDBTC,0.0002188,2022-04-05 20:16:56
BONDBNB,0.02969,2022-04-05 20:16:56
BONDBUSD,10.0,2022-04-05 20:16:56
BONDUSDT,10.03,2022-04-05 20:16:56
MLNBTC,0.00134,2022-04-05 20:16:56
MLNBNB,0.1375,2022-04-05 20:16:56
MLNBUSD,61.2,2022-04-05 20:16:56
MLNUSDT,61.4,2022-04-05 20:16:56
GRTTRY,6.946,2022-04-05 20:16:56
CAKEBRL,69.72,2022-04-05 20:16:56
ICPRUB,4589.0,2022-04-05 20:16:56
DOTAUD,29.24,2022-04-05 20:16:56
AAVEBRL,1792.0,2022-04-05 20:16:56
EOSAUD,6.555,2022-04-05 20:16:56
DEXEUSDT,7.12,2022-04-05 20:16:56
LTOBUSD,0.2784,2022-04-05 20:16:56
ADXBUSD,0.4679,2022-04-05 20:16:56
QUICKBTC,0.005223,2022-04-05 20:16:56
QUICKBNB,0.422,2022-04-05 20:16:56
QUICKBUSD,239.7,2022-04-05 20:16:56
C98USDT,1.727,2022-04-05 20:16:56
C98BUSD,1.728,2022-04-05 20:16:56
C98BNB,0.003849,2022-04-05 20:16:56
C98BTC,3.765e-05,2022-04-05 20:16:56
CLVBTC,9.98e-06,2022-04-05 20:16:56
CLVBNB,0.00102,2022-04-05 20:16:56
CLVBUSD,0.458,2022-04-05 20:16:56
CLVUSDT,0.457,2022-04-05 20:16:56
QNTBTC,0.002966,2022-04-05 20:16:56
QNTBNB,0.3027,2022-04-05 20:16:56
QNTBUSD,135.7,2022-04-05 20:16:56
QNTUSDT,136.0,2022-04-05 20:16:56
FLOWBTC,0.0001626,2022-04-05 20:16:56
FLOWBNB,0.01656,2022-04-05 20:16:56
FLOWBUSD,7.47,2022-04-05 20:16:56
FLOWUSDT,7.47,2022-04-05 20:16:56
XECBUSD,0.00011201,2022-04-05 20:16:56
AXSBRL,290.8,2022-04-05 20:16:56
AXSAUD,81.99,2022-04-05 20:16:56
TVKUSDT,0.1442,2022-04-05 20:16:56
MINABTC,7.345e-05,2022-04-05 20:16:56
MINABNB,0.007535,2022-04-05 20:16:56
MINABUSD,3.375,2022-04-05 20:16:56
MINAUSDT,3.375,2022-04-05 20:16:56
RAYBNB,0.00745,2022-04-05 20:16:56
RAYBUSD,3.341,2022-04-05 20:16:56
RAYUSDT,3.342,2022-04-05 20:16:56
FARMBTC,0.00245,2022-04-05 20:16:56
FARMBNB,0.25,2022-04-05 20:16:56
FARMBUSD,112.4,2022-04-05 20:16:56
FARMUSDT,112.5,2022-04-05 20:16:56
ALPACABTC,1.188e-05,2022-04-05 20:16:56
ALPACABNB,0.000944,2022-04-05 20:16:56
ALPACABUSD,0.545,2022-04-05 20:16:56
ALPACAUSDT,0.5453,2022-04-05 20:16:56
TLMTRY,1.907,2022-04-05 20:16:56
QUICKUSDT,239.9,2022-04-05 20:16:56
ORNBUSD,3.924,2022-04-05 20:16:56
MBOXBTC,7.769e-05,2022-04-05 20:16:56
MBOXBNB,0.007948,2022-04-05 20:16:56
MBOXBUSD,3.568,2022-04-05 20:16:56
MBOXUSDT,3.568,2022-04-05 20:16:56
VGXBTC,3.713e-05,2022-04-05 20:16:56
VGXETH,0.000494,2022-04-05 20:16:56
FORUSDT,0.05079,2022-04-05 20:16:56
REQUSDT,0.281,2022-04-05 20:16:56
GHSTUSDT,2.067,2022-04-05 20:16:56
TRURUB,21.99,2022-04-05 20:16:56
FISBRL,3.81,2022-04-05 20:16:56
WAXPUSDT,0.3465,2022-04-05 20:16:56
WAXPBUSD,0.3465,2022-04-05 20:16:56
WAXPBNB,0.0007737,2022-04-05 20:16:56
WAXPBTC,7.56e-06,2022-04-05 20:16:56
TRIBEBTC,1.242e-05,2022-04-05 20:16:56
TRIBEBNB,0.001431,2022-04-05 20:16:56
TRIBEBUSD,0.5699,2022-04-05 20:16:56
TRIBEUSDT,0.5702,2022-04-05 20:16:56
GNOUSDT,423.9,2022-04-05 20:16:56
GNOBUSD,304.1,2022-04-05 20:16:56
GNOBNB,0.865,2022-04-05 20:16:56
GNOBTC,0.009231,2022-04-05 20:16:56
ARPATRY,1.3365,2022-04-05 20:16:56
PROMBTC,0.000219,2022-04-05 20:16:56
MTLBUSD,1.966,2022-04-05 20:16:56
OGNBUSD,0.5504,2022-04-05 20:16:56
XECUSDT,0.00011194,2022-04-05 20:16:56
C98BRL,8.09,2022-04-05 20:16:56
SOLAUD,169.02,2022-04-05 20:16:56
XRPBIDR,11797.0,2022-04-05 20:16:56
POLYBUSD,0.4875,2022-04-05 20:16:56
ELFUSDT,0.393,2022-04-05 20:16:56
DYDXUSDT,6.321,2022-04-05 20:16:56
DYDXBUSD,6.326,2022-04-05 20:16:56
DYDXBNB,0.014069,2022-04-05 20:16:56
DYDXBTC,0.00013786,2022-04-05 20:16:56
ELFBUSD,0.393,2022-04-05 20:16:56
POLYUSDT,0.4876,2022-04-05 20:16:56
IDEXUSDT,0.17672,2022-04-05 20:16:56
VIDTUSDT,0.5601,2022-04-05 20:16:56
SOLBIDR,1837977.0,2022-04-05 20:16:56
AXSBIDR,898999.0,2022-04-05 20:16:56
BTCUSDP,45852.41,2022-04-05 20:16:56
ETHUSDP,3443.82,2022-04-05 20:16:56
BNBUSDP,449.02,2022-04-05 20:16:56
USDPBUSD,1.0,2022-04-05 20:16:56
USDPUSDT,0.9998,2022-04-05 20:16:56
GALAUSDT,0.2523,2022-04-05 20:16:56
GALABUSD,0.25235,2022-04-05 20:16:56
GALABNB,0.00056162,2022-04-05 20:16:56
GALABTC,5.5e-06,2022-04-05 20:16:56
FTMBIDR,21088.0,2022-04-05 20:16:56
ALGOBIDR,20095.0,2022-04-05 20:16:56
CAKEAUD,25.61,2022-04-05 20:16:56
KSMAUD,234.8,2022-04-05 20:16:56
WAVESRUB,1190.49,2022-04-05 20:16:56
SUNBUSD,0.01636,2022-04-05 20:16:56
ILVUSDT,648.1,2022-04-05 20:16:56
ILVBUSD,648.5,2022-04-05 20:16:56
ILVBNB,1.442,2022-04-05 20:16:56
ILVBTC,0.01414,2022-04-05 20:16:56
RENBUSD,0.4758,2022-04-05 20:16:56
YGGUSDT,2.913,2022-04-05 20:16:56
YGGBUSD,2.912,2022-04-05 20:16:56
YGGBNB,0.00649,2022-04-05 20:16:56
YGGBTC,6.34e-05,2022-04-05 20:16:56
STXBUSD,1.418,2022-04-05 20:16:56
SYSUSDT,0.6635,2022-04-05 20:16:56
DFUSDT,0.0902,2022-04-05 20:16:56
SOLUSDC,127.83,2022-04-05 20:16:56
ARPARUB,7.822,2022-04-05 20:16:56
LTCUAH,3959.0,2022-04-05 20:16:56
FETBUSD,0.5208,2022-04-05 20:16:56
ARPABUSD,0.09048,2022-04-05 20:16:56
LSKBUSD,2.474,2022-04-05 20:16:56
AVAXBIDR,1317514.0,2022-04-05 20:16:56
ALICEBIDR,110820.0,2022-04-05 20:16:56
FIDAUSDT,1.954,2022-04-05 20:16:56
FIDABUSD,1.956,2022-04-05 20:16:56
FIDABNB,0.00543,2022-04-05 20:16:56
FIDABTC,4.25e-05,2022-04-05 20:16:56
DENTBUSD,0.003344,2022-04-05 20:16:56
FRONTUSDT,0.6198,2022-04-05 20:16:56
CVPUSDT,0.921,2022-04-05 20:16:56
AGLDBTC,3.308e-05,2022-04-05 20:16:56
AGLDBNB,0.003398,2022-04-05 20:16:56
AGLDBUSD,1.52,2022-04-05 20:16:56
AGLDUSDT,1.52,2022-04-05 20:16:56
RADBTC,0.000123,2022-04-05 20:16:56
RADBNB,0.01259,2022-04-05 20:16:56
RADBUSD,5.637,2022-04-05 20:16:56
RADUSDT,5.628,2022-04-05 20:16:56
UNIAUD,34.47,2022-04-05 20:16:56
HIVEBUSD,1.0825,2022-04-05 20:16:56
STPTBUSD,0.10446,2022-04-05 20:16:56
BETABTC,1.157e-05,2022-04-05 20:16:56
BETABNB,0.0011829,2022-04-05 20:16:56
BETABUSD,0.53142,2022-04-05 20:16:56
BETAUSDT,0.53128,2022-04-05 20:16:56
SHIBAUD,3.568e-05,2022-04-05 20:16:56
RAREBTC,1.428e-05,2022-04-05 20:16:56
RAREBNB,0.001459,2022-04-05 20:16:56
RAREBUSD,0.654,2022-04-05 20:16:56
RAREUSDT,0.653,2022-04-05 20:16:56
AVAXBRL,431.4,2022-04-05 20:16:56
AVAXAUD,121.83,2022-04-05 20:16:56
LUNAAUD,154.71,2022-04-05 20:16:56
TROYBUSD,0.01156,2022-04-05 20:16:56
AXSETH,0.01804,2022-04-05 20:16:56
FTMETH,0.0004277,2022-04-05 20:16:56
SOLETH,0.03708,2022-04-05 20:16:56
SSVBTC,0.0004402,2022-04-05 20:16:56
SSVETH,0.005867,2022-04-05 20:16:56
LAZIOTRY,69.257,2022-04-05 20:16:56
LAZIOEUR,4.2942,2022-04-05 20:16:56
LAZIOBTC,0.00010232,2022-04-05 20:16:56
LAZIOUSDT,4.6924,2022-04-05 20:16:56
CHESSBTC,2.161e-05,2022-04-05 20:16:56
CHESSBNB,0.002201,2022-04-05 20:16:56
CHESSBUSD,0.988,2022-04-05 20:16:56
CHESSUSDT,0.989,2022-04-05 20:16:56
FTMAUD,1.9439,2022-04-05 20:16:56
FTMBRL,6.9,2022-04-05 20:16:56
SCRTBUSD,6.241,2022-04-05 20:16:56
ADXUSDT,0.4679,2022-04-05 20:16:56
AUCTIONUSDT,16.11,2022-04-05 20:16:56
CELOBUSD,4.299,2022-04-05 20:16:56
FTMRUB,126.6,2022-04-05 20:16:56
NUAUD,0.769,2022-04-05 20:16:56
NURUB,41.13,2022-04-05 20:16:56
REEFTRY,0.1741,2022-04-05 20:16:56
REEFBIDR,162.0,2022-04-05 20:16:56
SHIBDOGE,0.000158,2022-04-05 20:16:56
DARUSDT,1.30613,2022-04-05 20:16:56
DARBUSD,1.30613,2022-04-05 20:16:56
DARBNB,0.00290933,2022-04-05 20:16:56
DARBTC,2.848e-05,2022-04-05 20:16:56
BNXBTC,0.002438,2022-04-05 20:16:56
BNXBNB,0.2497,2022-04-05 20:16:56
BNXBUSD,111.9,2022-04-05 20:16:56
BNXUSDT,111.9,2022-04-05 20:16:56
RGTUSDT,14.44,2022-04-05 20:16:56
RGTBTC,0.0003796,2022-04-05 20:16:56
RGTBUSD,14.46,2022-04-05 20:16:56
RGTBNB,0.03997,2022-04-05 20:16:56
LAZIOBUSD,4.7001,2022-04-05 20:16:56
OXTBUSD,0.2898,2022-04-05 20:16:56
MANATRY,38.19,2022-04-05 20:16:56
ALGORUB,73.3,2022-04-05 20:16:56
SHIBUAH,0.00086,2022-04-05 20:16:56
LUNABIDR,1671862.0,2022-04-05 20:16:56
AUDUSDC,0.7567,2022-04-05 20:16:56
MOVRBTC,0.001705,2022-04-05 20:16:56
MOVRBNB,0.1552,2022-04-05 20:16:56
MOVRBUSD,78.1,2022-04-05 20:16:56
MOVRUSDT,78.0,2022-04-05 20:16:56
CITYBTC,0.0003575,2022-04-05 20:16:56
CITYBNB,0.03652,2022-04-05 20:16:56
CITYBUSD,16.39,2022-04-05 20:16:56
CITYUSDT,16.31,2022-04-05 20:16:56
ENSBTC,0.0004161,2022-04-05 20:16:56
ENSBNB,0.04259,2022-04-05 20:16:56
ENSBUSD,19.12,2022-04-05 20:16:56
ENSUSDT,19.12,2022-04-05 20:16:56
SANDETH,0.0009768,2022-04-05 20:16:56
DOTETH,0.006419,2022-04-05 20:16:56
MATICETH,0.0004662,2022-04-05 20:16:56
ANKRBUSD,0.09147,2022-04-05 20:16:56
SANDTRY,49.82,2022-04-05 20:16:56
MANABRL,12.1,2022-04-05 20:16:56
KP3RUSDT,496.45,2022-04-05 20:16:56
QIUSDT,0.0652,2022-04-05 20:16:56
QIBUSD,0.0652,2022-04-05 20:16:56
QIBNB,0.0001462,2022-04-05 20:16:56
QIBTC,1.42e-06,2022-04-05 20:16:56
PORTOBTC,0.00012084,2022-04-05 20:16:56
PORTOUSDT,5.547,2022-04-05 20:16:56
PORTOTRY,82.0,2022-04-05 20:16:56
PORTOEUR,5.0714,2022-04-05 20:16:56
POWRUSDT,0.5973,2022-04-05 20:16:56
POWRBUSD,0.5967,2022-04-05 20:16:56
AVAXETH,0.02673,2022-04-05 20:16:56
SLPTRY,0.3641,2022-04-05 20:16:56
FISTRY,8.87,2022-04-05 20:16:56
LRCTRY,16.7,2022-04-05 20:16:56
CHRETH,0.0001714,2022-04-05 20:16:56
FISBIDR,9124.0,2022-04-05 20:16:56
VGXUSDT,1.7,2022-04-05 20:16:56
GALAETH,7.318e-05,2022-04-05 20:16:56
JASMYUSDT,0.029,2022-04-05 20:16:56
JASMYBUSD,0.029,2022-04-05 20:16:56
JASMYBNB,6.46e-05,2022-04-05 20:16:56
JASMYBTC,6.3e-07,2022-04-05 20:16:56
AMPBTC,6e-07,2022-04-05 20:16:56
AMPBNB,6.117e-05,2022-04-05 20:16:56
AMPBUSD,0.02744,2022-04-05 20:16:56
AMPUSDT,0.02754,2022-04-05 20:16:56
PLABTC,2.346e-05,2022-04-05 20:16:56
PLABNB,0.002401,2022-04-05 20:16:56
PLABUSD,1.08,2022-04-05 20:16:56
PLAUSDT,1.08,2022-04-05 20:16:56
PYRBTC,0.0003766,2022-04-05 20:16:56
PYRBUSD,17.26,2022-04-05 20:16:56
PYRUSDT,17.28,2022-04-05 20:16:56
RNDRBTC,6.2e-05,2022-04-05 20:16:56
RNDRUSDT,2.843,2022-04-05 20:16:56
RNDRBUSD,2.84,2022-04-05 20:16:56
ALCXBTC,0.002602,2022-04-05 20:16:56
ALCXBUSD,119.2,2022-04-05 20:16:56
ALCXUSDT,118.9,2022-04-05 20:16:56
SANTOSBTC,0.0001318,2022-04-05 20:16:56
SANTOSUSDT,6.048,2022-04-05 20:16:56
SANTOSBRL,28.09,2022-04-05 20:16:56
SANTOSTRY,89.37,2022-04-05 20:16:56
MCBTC,5.89e-05,2022-04-05 20:16:56
MCBUSD,2.71,2022-04-05 20:16:56
MCUSDT,2.71,2022-04-05 20:16:56
BELTRY,17.1,2022-04-05 20:16:56
COCOSBUSD,1.5589,2022-04-05 20:16:56
DENTTRY,0.0495,2022-04-05 20:16:56
ENJTRY,25.41,2022-04-05 20:16:56
NEORUB,2269.0,2022-04-05 20:16:56
SANDAUD,4.4393,2022-04-05 20:16:56
SLPBIDR,353.7,2022-04-05 20:16:56
ANYBTC,0.0002602,2022-04-05 20:16:56
ANYBUSD,12.33,2022-04-05 20:16:56
ANYUSDT,12.3,2022-04-05 20:16:56
BICOBTC,4.12e-05,2022-04-05 20:16:56
BICOBUSD,1.894,2022-04-05 20:16:56
BICOUSDT,1.891,2022-04-05 20:16:56
FLUXBTC,3.978e-05,2022-04-05 20:16:56
FLUXBUSD,1.822,2022-04-05 20:16:56
FLUXUSDT,1.822,2022-04-05 20:16:56
ALICETRY,114.4,2022-04-05 20:16:56
FXSUSDT,33.521,2022-04-05 20:16:56
GALABRL,1.176,2022-04-05 20:16:56
GALATRY,3.73,2022-04-05 20:16:56
LUNATRY,1727.8,2022-04-05 20:16:56
REQBUSD,0.2809,2022-04-05 20:16:56
SANDBRL,15.8,2022-04-05 20:16:56
MANABIDR,36866.0,2022-04-05 20:16:56
SANDBIDR,48198.0,2022-04-05 20:16:56
VOXELBTC,4.18e-05,2022-04-05 20:16:56
VOXELBNB,0.0042642,2022-04-05 20:16:56
VOXELBUSD,1.9194,2022-04-05 20:16:56
VOXELUSDT,1.9168,2022-04-05 20:16:56
COSBUSD,0.01879,2022-04-05 20:16:56
CTXCBUSD,0.3244,2022-04-05 20:16:56
FTMTRY,21.76,2022-04-05 20:16:56
MANABNB,0.005757,2022-04-05 20:16:56
MINATRY,49.88,2022-04-05 20:16:56
XTZTRY,54.68,2022-04-05 20:16:56
HIGHBTC,0.0001461,2022-04-05 20:16:56
HIGHBUSD,6.7,2022-04-05 20:16:56
HIGHUSDT,6.71,2022-04-05 20:16:56
CVXBTC,0.0007931,2022-04-05 20:16:56
CVXBUSD,36.54,2022-04-05 20:16:56
CVXUSDT,36.52,2022-04-05 20:16:56
PEOPLEBTC,1.42e-06,2022-04-05 20:16:56
PEOPLEBUSD,0.065,2022-04-05 20:16:56
PEOPLEUSDT,0.0649,2022-04-05 20:16:56
OOKIBUSD,0.01604,2022-04-05 20:16:56
OOKIUSDT,0.01603,2022-04-05 20:16:56
COCOSTRY,23.07,2022-04-05 20:16:56
GXSBNB,0.004417,2022-04-05 20:16:56
LINKBNB,0.03783,2022-04-05 20:16:56
LUNAETH,0.03392,2022-04-05 20:16:56
MDTBUSD,0.06164,2022-04-05 20:16:56
NULSBUSD,0.5247,2022-04-05 20:16:56
SPELLBTC,1.2e-07,2022-04-05 20:16:56
SPELLUSDT,0.00516,2022-04-05 20:16:56
SPELLBUSD,0.00516,2022-04-05 20:16:56
USTBTC,2.182e-05,2022-04-05 20:16:56
USTBUSD,1.0003,2022-04-05 20:16:56
USTUSDT,1.0001,2022-04-05 20:16:56
JOEBTC,3.105e-05,2022-04-05 20:16:56
JOEBUSD,1.426,2022-04-05 20:16:56
JOEUSDT,1.428,2022-04-05 20:16:56
ATOMETH,0.00859,2022-04-05 20:16:56
DUSKBUSD,0.4435,2022-04-05 20:16:56
EGLDETH,0.05381,2022-04-05 20:16:56
ICPETH,0.00627,2022-04-05 20:16:56
LUNABRL,548.2,2022-04-05 20:16:56
LUNAUST,116.9,2022-04-05 20:16:56
NEARETH,0.004806,2022-04-05 20:16:56
ROSEBNB,0.0006748,2022-04-05 20:16:56
VOXELETH,0.0005578,2022-04-05 20:16:56
ALICEBNB,0.0172,2022-04-05 20:16:56
ATOMTRY,437.6,2022-04-05 20:16:56
ETHUST,3442.45,2022-04-05 20:16:56
GALAAUD,0.33236,2022-04-05 20:16:56
LRCBNB,0.002514,2022-04-05 20:16:56
ONEETH,4.531e-05,2022-04-05 20:16:56
OOKIBNB,3.561e-05,2022-04-05 20:16:56
ACHBTC,9.1e-07,2022-04-05 20:16:56
ACHBUSD,0.04209,2022-04-05 20:16:56
ACHUSDT,0.04204,2022-04-05 20:16:56
IMXBTC,5.149e-05,2022-04-05 20:16:56
IMXBUSD,2.362,2022-04-05 20:16:56
IMXUSDT,2.363,2022-04-05 20:16:56
GLMRBTC,0.00010105,2022-04-05 20:16:56
GLMRBUSD,4.6372,2022-04-05 20:16:56
GLMRUSDT,4.6375,2022-04-05 20:16:56
ATOMBIDR,426666.0,2022-04-05 20:16:56
DYDXETH,0.001835,2022-04-05 20:16:56
FARMETH,0.03257,2022-04-05 20:16:56
FORBNB,0.000114,2022-04-05 20:16:56
ICPTRY,319.3,2022-04-05 20:16:56
JASMYETH,8.43e-06,2022-04-05 20:16:56
LINABNB,5.986e-05,2022-04-05 20:16:56
OOKIETH,4.65e-06,2022-04-05 20:16:56
ROSEETH,8.8e-05,2022-04-05 20:16:56
UMABUSD,7.994,2022-04-05 20:16:56
UNIETH,0.003249,2022-04-05 20:16:56
XTZETH,0.001074,2022-04-05 20:16:56
LOKABTC,7.645e-05,2022-04-05 20:16:56
LOKABNB,0.0078176,2022-04-05 20:16:56
LOKABUSD,3.5174,2022-04-05 20:16:56
LOKAUSDT,3.51,2022-04-05 20:16:56
ATOMBRL,138.7,2022-04-05 20:16:56
BNBUST,448.6,2022-04-05 20:16:56
CRVETH,0.000824,2022-04-05 20:16:56
HIGHBNB,0.01512,2022-04-05 20:16:56
NEARRUB,1433.0,2022-04-05 20:16:56
ROSETRY,4.484,2022-04-05 20:16:56
SCRTUSDT,6.239,2022-04-05 20:16:56
API3BTC,0.0001295,2022-04-05 20:16:56
API3BUSD,5.949,2022-04-05 20:16:56
API3USDT,5.945,2022-04-05 20:16:56
BTTCUSDT,2.13e-06,2022-04-05 20:16:56
BTTCUSDC,2.14e-06,2022-04-05 20:16:56
BTTCTRY,3.148e-05,2022-04-05 20:16:56
ACABTC,3.879e-05,2022-04-05 20:16:56
ACABUSD,1.779,2022-04-05 20:16:56
ACAUSDT,1.781,2022-04-05 20:16:56
ANCBTC,5.877e-05,2022-04-05 20:16:56
ANCBUSD,2.695,2022-04-05 20:16:56
ANCUSDT,2.695,2022-04-05 20:16:56
BDOTDOT,0.6152,2022-04-05 20:16:56
XNOBTC,5.946e-05,2022-04-05 20:16:56
XNOETH,0.0007963,2022-04-05 20:16:56
XNOBUSD,2.72,2022-04-05 20:16:56
XNOUSDT,2.728,2022-04-05 20:16:56
COSTRY,0.278,2022-04-05 20:16:56
KAVAETH,0.001259,2022-04-05 20:16:56
MCBNB,0.00604,2022-04-05 20:16:56
ONETRY,2.306,2022-04-05 20:16:56
WOOBTC,1.212e-05,2022-04-05 20:16:56
WOOBNB,0.001237,2022-04-05 20:16:56
WOOBUSD,0.5549,2022-04-05 20:16:56
WOOUSDT,0.554,2022-04-05 20:16:56
CELRETH,1.843e-05,2022-04-05 20:16:56
PEOPLEBNB,0.0001448,2022-04-05 20:16:56
SLPBNB,5.491e-05,2022-04-05 20:16:56
SPELLBNB,1.15e-05,2022-04-05 20:16:56
SPELLTRY,0.0763,2022-04-05 20:16:56
TFUELBUSD,0.1977,2022-04-05 20:16:56
AXSTRY,916.2,2022-04-05 20:16:56
DARTRY,19.32,2022-04-05 20:16:56
NEARTRY,245.1,2022-04-05 20:16:56
IDEXBNB,0.0003943,2022-04-05 20:16:56
ALPINEEUR,7.3,2022-04-05 20:16:56
ALPINETRY,118.19,2022-04-05 20:16:56
ALPINEUSDT,8.0314,2022-04-05 20:16:56
ALPINEBTC,0.00017528,2022-04-05 20:16:56
TUSDT,0.1384,2022-04-05 20:16:56
TBUSD,0.1386,2022-04-05 20:16:56
API3BNB,0.01321,2022-04-05 20:16:56
BETAETH,0.0001538,2022-04-05 20:16:56
INJTRY,94.76,2022-04-05 20:16:56
TLMBNB,0.0002878,2022-04-05 20:16:56
ASTRBUSD,0.2226,2022-04-05 20:16:56
ASTRUSDT,0.2224,2022-04-05 20:16:56
API3TRY,87.96,2022-04-05 20:16:56
GLMRBNB,0.01029,2022-04-05 20:16:56
MBOXTRY,52.86,2022-04-05 20:16:56
NBTBIDR,246.0,2022-04-05 20:16:56
NBTUSDT,0.01708,2022-04-05 20:16:56
GMTBTC,4.643e-05,2022-04-05 20:16:56
GMTBNB,0.00475334,2022-04-05 20:16:56
GMTBUSD,2.13079,2022-04-05 20:16:56
GMTUSDT,2.13,2022-04-05 20:16:56
ANCBNB,0.006,2022-04-05 20:16:56
ATOMEUR,27.15,2022-04-05 20:16:56
GALAEUR,0.23101,2022-04-05 20:16:56
KSMETH,0.05307,2022-04-05 20:16:56
UMATRY,117.8,2022-04-05 20:16:56
KDABTC,0.0001588,2022-04-05 20:16:56
KDABUSD,7.285,2022-04-05 20:16:56
KDAUSDT,7.28,2022-04-05 20:16:56
APEUSDT,11.7692,2022-04-05 20:16:56
APEBUSD,11.77,2022-04-05 20:16:56
APEBTC,0.00025648,2022-04-05 20:16:56
ALPINEBUSD,8.0498,2022-04-05 20:16:56
LUNAGBP,89.36,2022-04-05 20:16:56
NEAREUR,15.18,2022-04-05 20:16:56
TWTTRY,18.74,2022-04-05 20:16:56
WAVESEUR,28.1,2022-04-05 20:16:56
APEEUR,10.7768,2022-04-05 20:16:56
APEGBP,9.045,2022-04-05 20:16:56
APETRY,173.9,2022-04-05 20:16:56
BSWUSDT,1.3309,2022-04-05 20:16:56
BSWBUSD,1.3323,2022-04-05 20:16:56
BSWBNB,0.0029803,2022-04-05 20:16:56
APEBNB,0.02624,2022-04-05 20:16:56
GMTBRL,9.983,2022-04-05 20:16:56
GMTETH,0.0006176,2022-04-05 20:16:56
JASMYTRY,0.4287,2022-04-05 20:16:56
SANTOSBUSD,6.05,2022-04-05 20:16:56
APEAUD,15.6068,2022-04-05 20:16:56
BIFIUSDT,1497.4,2022-04-05 20:16:56
GMTEUR,1.95504,2022-04-05 20:16:56
IMXBNB,0.005267,2022-04-05 20:16:56
RUNEETH,0.00317,2022-04-05 20:16:56
AVAXGBP,70.4,2022-04-05 20:16:56
